"","Div","Date","HomeTeam","AwayTeam","FTHG","FTAG","FTR","Home_xG","Away_xG","HY","AY","HR","AR","HST","AST","HCO","ACO","HF","AF","CS","Referee","matchid"
"1","BRA",2024-04-13,"Internacional","Bahia",2,1,"H",1.9,0.7,5,3,0,0,9,4,6,3,21,13,"2-1","","2024-04-13-Internacional-Bahia"
"2","BRA",2024-04-13,"Criciuma","Juventude",1,1,"D",0.7,0.6,4,6,0,0,3,4,0,4,11,15,"1-1","","2024-04-13-Criciuma-Juventude"
"3","BRA",2024-04-13,"Sao Paulo","Fortaleza",1,2,"A",0.5,0.4,2,3,0,0,5,2,11,4,10,14,"1-2","","2024-04-13-Sao Paulo-Fortaleza"
"4","BRA",2024-04-13,"Fluminense","RB Bragantino",2,2,"D",1.8,1.2,NA,NA,NA,NA,NA,NA,NA,NA,NA,NA,"2-2","","2024-04-13-Fluminense-RB Bragantino"
"5","BRA",2024-04-14,"Vasco da Gama","Gremio",2,1,"H",0.9,1.2,4,0,0,0,3,2,3,5,19,10,"2-1","Flavio Rodrigues de Souza","2024-04-14-Vasco da Gama-Gremio"
"6","BRA",2024-04-14,"Ath Paranaense","Cuiaba",4,0,"H",2,0.3,0,3,0,0,9,0,7,0,16,9,"4-0","","2024-04-14-Ath Paranaense-Cuiaba"
"7","BRA",2024-04-14,"Atl Goianiense","Flamengo",1,2,"A",1.6,1.2,5,3,2,0,4,1,4,4,12,12,"1-2","","2024-04-14-Atl Goianiense-Flamengo"
"8","BRA",2024-04-14,"Corinthians","Atletico Mineiro",0,0,"D",0.5,0.3,8,6,0,1,2,3,3,3,16,14,"0-0","","2024-04-14-Corinthians-Atletico Mineiro"
"9","BRA",2024-04-14,"Cruzeiro","Botafogo RJ",3,2,"H",1.6,2,4,3,0,1,5,3,6,3,12,11,"3-2","","2024-04-14-Cruzeiro-Botafogo RJ"
"10","BRA",2024-04-14,"Vitoria","Palmeiras",0,1,"A",1.4,0.8,3,5,0,0,5,4,3,9,12,15,"0-1","","2024-04-14-Vitoria-Palmeiras"
"11","BRA",2024-06-19,"Atl Goianiense","Criciuma",1,2,"A",0.6,1.4,1,1,1,0,1,7,5,1,10,11,"1-2","","2024-06-19-Atl Goianiense-Criciuma"
"12","BRA",2024-06-19,"Botafogo RJ","Ath Paranaense",1,1,"D",0.6,1.5,0,5,0,0,1,6,5,9,13,14,"1-1","","2024-06-19-Botafogo RJ-Ath Paranaense"
"13","BRA",2024-06-19,"Juventude","Vasco da Gama",2,0,"H",1.3,0.3,2,3,0,1,5,2,5,4,13,18,"2-0","Paulo Zanovelli","2024-06-19-Juventude-Vasco da Gama"
"14","BRA",2024-06-19,"Fortaleza","Gremio",1,0,"H",1.7,1,3,4,0,1,3,2,8,3,16,7,"1-0","","2024-06-19-Fortaleza-Gremio"
"15","BRA",2024-06-19,"Sao Paulo","Cuiaba",0,1,"A",0.9,0.5,2,3,0,0,4,3,4,6,5,16,"0-1","","2024-06-19-Sao Paulo-Cuiaba"
"16","BRA",2024-06-19,"Internacional","Corinthians",1,0,"H",0.5,0.8,1,2,0,0,5,3,3,7,17,13,"1-0","","2024-06-19-Internacional-Corinthians"
"17","BRA",2024-06-19,"Cruzeiro","Fluminense",2,0,"H",1.8,0.3,3,2,0,0,4,4,6,5,16,11,"2-0","","2024-06-19-Cruzeiro-Fluminense"
"18","BRA",2024-06-20,"Vitoria","Atletico Mineiro",4,2,"H",1.5,1.9,2,2,0,0,6,6,2,4,15,13,"4-2","","2024-06-20-Vitoria-Atletico Mineiro"
"19","BRA",2024-06-20,"Flamengo","Bahia",2,1,"H",1.1,0.8,1,1,0,0,3,3,6,2,8,10,"2-1","","2024-06-20-Flamengo-Bahia"
"20","BRA",2024-06-20,"Palmeiras","RB Bragantino",2,1,"H",3.1,1.4,NA,NA,NA,NA,NA,NA,NA,NA,NA,NA,"2-1","","2024-06-20-Palmeiras-RB Bragantino"
"21","BRA",2024-06-22,"Criciuma","Botafogo RJ",2,1,"H",1.3,0.7,4,3,0,0,4,2,4,7,16,14,"2-1","","2024-06-22-Criciuma-Botafogo RJ"
"22","BRA",2024-06-22,"Cuiaba","Atl Goianiense",0,0,"D",0.9,0.8,3,1,0,0,3,9,5,4,9,12,"0-0","","2024-06-22-Cuiaba-Atl Goianiense"
"23","BRA",2024-06-22,"Gremio","Internacional",0,1,"A",0.5,1.1,3,2,0,0,2,1,5,4,12,11,"0-1","","2024-06-22-Gremio-Internacional"
"24","BRA",2024-06-22,"Vasco da Gama","Sao Paulo",4,1,"H",1.3,0.4,3,1,0,0,7,2,2,8,13,14,"4-1","Caio Max Augusto Vieira","2024-06-22-Vasco da Gama-Sao Paulo"
"25","BRA",2024-06-23,"Fluminense","Flamengo",0,1,"A",0.3,2,4,3,1,0,0,3,2,6,16,13,"0-1","","2024-06-23-Fluminense-Flamengo"
"26","BRA",2024-06-23,"Ath Paranaense","Corinthians",1,1,"D",1.4,1.2,2,1,0,0,7,6,11,2,19,12,"1-1","","2024-06-23-Ath Paranaense-Corinthians"
"27","BRA",2024-06-23,"Bahia","Cruzeiro",4,1,"H",2.5,0.7,0,3,0,1,6,1,3,1,6,13,"4-1","","2024-06-23-Bahia-Cruzeiro"
"28","BRA",2024-06-23,"Atletico Mineiro","Fortaleza",1,1,"D",0.9,1.3,3,2,0,0,8,3,3,4,15,17,"1-1","","2024-06-23-Atletico Mineiro-Fortaleza"
"29","BRA",2024-06-23,"RB Bragantino","Vitoria",2,1,"H",1.4,0.7,NA,NA,NA,NA,NA,NA,NA,NA,NA,NA,"2-1","","2024-06-23-RB Bragantino-Vitoria"
"30","BRA",2024-06-23,"Palmeiras","Juventude",3,1,"H",2.9,1.4,2,3,0,0,10,8,10,4,14,7,"3-1","","2024-06-23-Palmeiras-Juventude"
"31","BRA",2024-06-26,"Botafogo RJ","RB Bragantino",2,1,"H",0.6,1.5,NA,NA,NA,NA,NA,NA,NA,NA,NA,NA,"2-1","","2024-06-26-Botafogo RJ-RB Bragantino"
"32","BRA",2024-06-26,"Cruzeiro","Ath Paranaense",2,0,"H",1.9,0.7,2,2,0,0,7,3,7,12,8,6,"2-0","","2024-06-26-Cruzeiro-Ath Paranaense"
"33","BRA",2024-06-26,"Corinthians","Cuiaba",1,1,"D",1.1,1.7,3,4,0,0,7,3,13,1,10,13,"1-1","","2024-06-26-Corinthians-Cuiaba"
"34","BRA",2024-06-26,"Juventude","Flamengo",2,1,"H",2.2,1.6,2,1,0,0,8,5,7,8,9,10,"2-1","","2024-06-26-Juventude-Flamengo"
"35","BRA",2024-06-26,"Atl Goianiense","Gremio",1,1,"D",1.7,0.4,7,4,0,0,5,4,5,8,13,11,"1-1","","2024-06-26-Atl Goianiense-Gremio"
"36","BRA",2024-06-26,"Internacional","Atletico Mineiro",1,2,"A",1.7,1.4,4,4,0,0,5,5,5,9,17,10,"1-2","","2024-06-26-Internacional-Atletico Mineiro"
"37","BRA",2024-06-26,"Fortaleza","Palmeiras",3,0,"H",1,1.2,2,2,0,0,6,7,3,8,17,11,"3-0","","2024-06-26-Fortaleza-Palmeiras"
"38","BRA",2024-06-26,"Bahia","Vasco da Gama",2,1,"H",2.5,1.5,0,5,0,1,8,3,7,0,14,15,"2-1","João Vitor Gobi","2024-06-26-Bahia-Vasco da Gama"
"39","BRA",2024-06-27,"Fluminense","Vitoria",0,1,"A",0.3,0.5,3,1,0,0,5,6,6,2,14,12,"0-1","","2024-06-27-Fluminense-Vitoria"
"40","BRA",2024-06-27,"Sao Paulo","Criciuma",2,1,"H",0.5,1.5,2,4,0,0,6,1,2,2,10,22,"2-1","","2024-06-27-Sao Paulo-Criciuma"
"41","BRA",2024-06-29,"Cuiaba","RB Bragantino",1,1,"D",0.2,0.3,NA,NA,NA,NA,NA,NA,NA,NA,NA,NA,"1-1","","2024-06-29-Cuiaba-RB Bragantino"
"42","BRA",2024-06-29,"Vasco da Gama","Botafogo RJ",1,1,"D",0.5,0.5,4,5,0,0,2,6,0,5,13,23,"1-1","Ramon Abatti","2024-06-29-Vasco da Gama-Botafogo RJ"
"43","BRA",2024-06-30,"Atletico Mineiro","Atl Goianiense",1,1,"D",0.7,1.2,0,1,0,0,6,5,5,8,10,11,"1-1","","2024-06-30-Atletico Mineiro-Atl Goianiense"
"44","BRA",2024-06-30,"Gremio","Fluminense",1,0,"H",1,0.5,2,3,0,1,9,3,6,1,13,14,"1-0","","2024-06-30-Gremio-Fluminense"
"45","BRA",2024-06-30,"Sao Paulo","Bahia",3,1,"H",1.2,1,4,1,0,0,4,6,4,4,15,9,"3-1","","2024-06-30-Sao Paulo-Bahia"
"46","BRA",2024-06-30,"Fortaleza","Juventude",2,1,"H",2.6,1.1,2,0,0,0,6,3,7,5,22,16,"2-1","","2024-06-30-Fortaleza-Juventude"
"47","BRA",2024-06-30,"Flamengo","Cruzeiro",2,1,"H",0.6,0.6,1,3,0,0,3,5,2,5,5,17,"2-1","","2024-06-30-Flamengo-Cruzeiro"
"48","BRA",2024-06-30,"Vitoria","Ath Paranaense",0,1,"A",1,0.9,3,2,0,0,3,2,7,6,12,16,"0-1","","2024-06-30-Vitoria-Ath Paranaense"
"49","BRA",2024-06-30,"Criciuma","Internacional",1,1,"D",1,1.2,2,3,0,0,7,4,5,5,10,14,"1-1","","2024-06-30-Criciuma-Internacional"
"50","BRA",2024-07-01,"Palmeiras","Corinthians",2,0,"H",1,0.9,3,4,1,0,10,3,7,3,18,10,"2-0","","2024-07-01-Palmeiras-Corinthians"
"51","BRA",2024-07-03,"Cuiaba","Botafogo RJ",1,2,"A",1.6,0.8,4,1,0,0,5,4,7,5,8,15,"1-2","Paulo Zanovelli","2024-07-03-Cuiaba-Botafogo RJ"
"52","BRA",2024-07-03,"Vasco da Gama","Fortaleza",2,0,"H",1.8,0.5,4,3,0,1,9,4,7,3,21,12,"2-0","Matheus Delgado Candançan","2024-07-03-Vasco da Gama-Fortaleza"
"53","BRA",2024-07-03,"Criciuma","Cruzeiro",1,0,"H",1.5,1.1,4,2,1,0,6,6,7,10,11,7,"1-0","João Vitor Gobi","2024-07-03-Criciuma-Cruzeiro"
"54","BRA",2024-07-03,"RB Bragantino","Atl Goianiense",3,1,"H",1.6,0.7,NA,NA,NA,NA,NA,NA,NA,NA,NA,NA,"3-1","Davi de Oliveira Lacerda","2024-07-03-RB Bragantino-Atl Goianiense"
"55","BRA",2024-07-03,"Atletico Mineiro","Flamengo",2,4,"A",2.4,2.1,4,2,1,0,3,8,4,4,12,11,"2-4","Ramon Abatti","2024-07-03-Atletico Mineiro-Flamengo"
"56","BRA",2024-07-03,"Ath Paranaense","Sao Paulo",1,2,"A",0.4,1.6,0,2,1,0,4,8,6,2,19,8,"1-2","Alex Gomes Stefano","2024-07-03-Ath Paranaense-Sao Paulo"
"57","BRA",2024-07-04,"Gremio","Palmeiras",2,2,"D",2.2,2.3,2,3,0,0,3,5,5,10,9,13,"2-2","Marcelo de Lima Henrique","2024-07-04-Gremio-Palmeiras"
"58","BRA",2024-07-04,"Bahia","Juventude",2,0,"H",1.8,0.7,0,4,0,0,9,1,6,7,15,9,"2-0","","2024-07-04-Bahia-Juventude"
"59","BRA",2024-07-04,"Fluminense","Internacional",1,1,"D",0.3,0.7,6,5,0,0,3,4,3,4,17,17,"1-1","Felipe Fernandes de Lima","2024-07-04-Fluminense-Internacional"
"60","BRA",2024-07-04,"Corinthians","Vitoria",3,2,"H",0.6,1.9,4,3,0,0,5,5,9,9,15,10,"3-2","Gustavo Ervino Bauermann","2024-07-04-Corinthians-Vitoria"
"61","BRA",2024-07-06,"Sao Paulo","RB Bragantino",2,0,"H",1.9,0.9,NA,NA,NA,NA,NA,NA,NA,NA,NA,NA,"2-0","Bruno Pereira Vasconcelos","2024-07-06-Sao Paulo-RB Bragantino"
"62","BRA",2024-07-06,"Flamengo","Cuiaba",1,1,"D",1.4,0.8,1,3,0,0,10,3,7,0,14,12,"1-1","Rodrigo José Pereira de Lima","2024-07-06-Flamengo-Cuiaba"
"63","BRA",2024-07-07,"Juventude","Gremio",3,0,"H",1.7,0.8,1,3,0,0,6,5,3,8,14,10,"3-0","Matheus Delgado Candançan","2024-07-07-Juventude-Gremio"
"64","BRA",2024-07-07,"Cruzeiro","Corinthians",3,0,"H",1.5,1.1,2,1,0,0,5,2,8,8,22,12,"3-0","Alex Gomes Stefano","2024-07-07-Cruzeiro-Corinthians"
"65","BRA",2024-07-07,"Fortaleza","Fluminense",1,0,"H",2,0.3,1,2,0,0,6,3,12,3,13,14,"1-0","Davi de Oliveira Lacerda","2024-07-07-Fortaleza-Fluminense"
"66","BRA",2024-07-07,"Internacional","Vasco da Gama",1,2,"A",1.3,0.7,2,2,0,0,6,6,4,4,16,12,"1-2","Gustavo Ervino Bauermann","2024-07-07-Internacional-Vasco da Gama"
"67","BRA",2024-07-07,"Atl Goianiense","Ath Paranaense",1,2,"A",0.7,1,1,3,1,0,3,6,4,11,11,11,"1-2","João Vitor Gobi","2024-07-07-Atl Goianiense-Ath Paranaense"
"68","BRA",2024-07-07,"Vitoria","Criciuma",2,1,"H",1.6,1,1,2,0,0,2,2,6,3,12,18,"2-1","Bruno Mota Correia","2024-07-07-Vitoria-Criciuma"
"69","BRA",2024-07-07,"Palmeiras","Bahia",2,0,"H",0.9,1.9,1,1,0,0,4,3,4,3,15,10,"2-0","Jonathan Benkenstein Pinheiro","2024-07-07-Palmeiras-Bahia"
"70","BRA",2024-07-07,"Botafogo RJ","Atletico Mineiro",3,0,"H",1.1,0.2,2,1,0,1,8,2,3,2,19,12,"3-0","Rafael Klein","2024-07-07-Botafogo RJ-Atletico Mineiro"
"71","BRA",2024-07-10,"Gremio","Cruzeiro",0,2,"A",1,1,1,1,1,0,3,6,1,5,9,10,"0-2","Bruno Arleu","2024-07-10-Gremio-Cruzeiro"
"72","BRA",2024-07-10,"Vasco da Gama","Corinthians",2,0,"H",0.9,0.4,3,5,0,0,3,2,7,5,15,10,"2-0","Rafael Klein","2024-07-10-Vasco da Gama-Corinthians"
"73","BRA",2024-07-10,"Ath Paranaense","Bahia",1,3,"A",1.9,1.3,2,4,0,0,8,5,9,2,13,13,"1-3","Felipe Fernandes de Lima","2024-07-10-Ath Paranaense-Bahia"
"74","BRA",2024-07-11,"Palmeiras","Atl Goianiense",3,1,"H",3.3,0.5,2,2,0,0,6,3,9,2,9,19,"3-1","Wagner do Nascimento Magalhães","2024-07-11-Palmeiras-Atl Goianiense"
"75","BRA",2024-07-11,"Flamengo","Fortaleza",1,2,"A",2,0.4,1,1,0,0,6,2,9,4,9,11,"1-2","Edina Alves","2024-07-11-Flamengo-Fortaleza"
"76","BRA",2024-07-11,"Criciuma","Fluminense",1,1,"D",1.1,2.1,2,1,0,0,4,10,2,5,15,7,"1-1","Anderson Daronco","2024-07-11-Criciuma-Fluminense"
"77","BRA",2024-07-11,"Vitoria","Botafogo RJ",0,1,"A",1,2.1,2,3,0,0,4,4,4,5,16,24,"0-1","Ramon Abatti","2024-07-11-Vitoria-Botafogo RJ"
"78","BRA",2024-07-11,"Atletico Mineiro","Sao Paulo",2,1,"H",0.6,1.4,2,1,0,1,5,4,2,6,9,13,"2-1","Marcelo de Lima Henrique","2024-07-11-Atletico Mineiro-Sao Paulo"
"79","BRA",2024-09-05,"Cuiaba","Juventude",0,0,"D",0.7,0.6,3,1,0,0,3,3,3,3,17,11,"0-0","Felipe Fernandes de Lima","2024-09-05-Cuiaba-Juventude"
"80","BRA",2024-09-25,"RB Bragantino","Internacional",2,2,"D",1.1,2.2,NA,NA,NA,NA,NA,NA,NA,NA,NA,NA,"2-2","Rodrigo José Pereira de Lima","2024-09-25-RB Bragantino-Internacional"
"81","BRA",2024-07-13,"Cruzeiro","RB Bragantino",2,1,"H",1.4,0.8,NA,NA,NA,NA,NA,NA,NA,NA,NA,NA,"2-1","Savio Pereira","2024-07-13-Cruzeiro-RB Bragantino"
"82","BRA",2024-07-13,"Bahia","Cuiaba",1,2,"A",0.9,1.2,2,3,0,0,2,3,8,4,4,8,"1-2","Davi de Oliveira Lacerda","2024-07-13-Bahia-Cuiaba"
"83","BRA",2024-07-16,"Juventude","Atletico Mineiro",1,1,"D",0.9,1.8,2,1,0,0,2,4,1,8,8,12,"1-1","Alex Gomes Stefano","2024-07-16-Juventude-Atletico Mineiro"
"84","BRA",2024-07-16,"Corinthians","Criciuma",2,1,"H",0.7,1.2,1,0,0,0,6,4,5,5,10,17,"2-1","","2024-07-16-Corinthians-Criciuma"
"85","BRA",2024-07-17,"Atl Goianiense","Vasco da Gama",0,1,"A",0.9,1.2,2,3,0,0,7,4,4,6,13,11,"0-1","Matheus Delgado Candançan","2024-07-17-Atl Goianiense-Vasco da Gama"
"86","BRA",2024-07-17,"Sao Paulo","Gremio",1,0,"H",0.9,1.4,6,3,1,0,8,5,8,9,16,8,"1-0","Gustavo Ervino Bauermann","2024-07-17-Sao Paulo-Gremio"
"87","BRA",2024-07-17,"Botafogo RJ","Palmeiras",1,0,"H",1.8,1.2,2,0,0,0,7,5,5,4,20,10,"1-0","Anderson Daronco","2024-07-17-Botafogo RJ-Palmeiras"
"88","BRA",2024-07-17,"Fortaleza","Vitoria",3,1,"H",2,1.3,4,3,0,0,4,3,1,6,19,19,"3-1","Rafael Klein","2024-07-17-Fortaleza-Vitoria"
"89","BRA",2024-10-22,"Fluminense","Ath Paranaense",1,0,"H",1.4,0.5,3,4,0,0,5,2,5,3,9,15,"1-0","Braulio Machado","2024-10-22-Fluminense-Ath Paranaense"
"90","BRA",2024-10-30,"Internacional","Flamengo",1,1,"D",1.5,1.7,1,4,0,0,4,2,5,5,14,10,"1-1","Davi de Oliveira Lacerda","2024-10-30-Internacional-Flamengo"
"91","BRA",2024-07-20,"Flamengo","Criciuma",2,1,"H",2.4,1.2,4,9,0,1,4,4,7,4,12,21,"2-1","Maguielson Lima Barbosa","2024-07-20-Flamengo-Criciuma"
"92","BRA",2024-07-20,"Botafogo RJ","Internacional",1,0,"H",0.5,0.7,4,2,0,0,4,1,2,1,16,14,"1-0","Flavio Rodrigues de Souza","2024-07-20-Botafogo RJ-Internacional"
"93","BRA",2024-07-20,"Palmeiras","Cruzeiro",2,0,"H",1.3,0.6,4,4,0,0,5,2,6,4,16,16,"2-0","Davi de Oliveira Lacerda","2024-07-20-Palmeiras-Cruzeiro"
"94","BRA",2024-07-21,"Gremio","Vitoria",2,0,"H",1.4,0.2,1,7,0,0,5,0,7,4,11,20,"2-0","Savio Pereira","2024-07-21-Gremio-Vitoria"
"95","BRA",2024-07-21,"Bahia","Corinthians",0,1,"A",1.3,0.3,4,4,0,0,6,2,6,3,12,18,"0-1","","2024-07-21-Bahia-Corinthians"
"96","BRA",2024-07-21,"Atletico Mineiro","Vasco da Gama",2,0,"H",2.2,0.6,1,1,0,0,2,1,6,1,13,6,"2-0","Raphael Claus","2024-07-21-Atletico Mineiro-Vasco da Gama"
"97","BRA",2024-07-21,"Juventude","Sao Paulo",0,0,"D",0.8,0.5,4,2,0,0,0,2,1,4,13,17,"0-0","Wilton Sampaio","2024-07-21-Juventude-Sao Paulo"
"98","BRA",2024-07-21,"RB Bragantino","Ath Paranaense",1,0,"H",0.8,1.4,NA,NA,NA,NA,NA,NA,NA,NA,NA,NA,"1-0","","2024-07-21-RB Bragantino-Ath Paranaense"
"99","BRA",2024-07-21,"Fortaleza","Atl Goianiense",3,1,"H",1.6,0.7,5,3,1,1,3,2,5,6,12,12,"3-1","Lucas Paulo Torezin","2024-07-21-Fortaleza-Atl Goianiense"
"100","BRA",2024-07-21,"Cuiaba","Fluminense",0,1,"A",0.6,1.3,1,2,0,1,6,4,6,4,19,6,"0-1","Anderson Daronco","2024-07-21-Cuiaba-Fluminense"
"101","BRA",2024-07-24,"Cruzeiro","Juventude",2,0,"H",2.4,0.9,3,4,0,1,3,2,6,5,14,14,"2-0","Maguielson Lima Barbosa","2024-07-24-Cruzeiro-Juventude"
"102","BRA",2024-07-24,"Sao Paulo","Botafogo RJ",2,2,"D",2,1.7,5,3,0,0,5,5,7,1,17,22,"2-2","Felipe Fernandes de Lima","2024-07-24-Sao Paulo-Botafogo RJ"
"103","BRA",2024-07-24,"Vitoria","Flamengo",1,2,"A",1.4,1,1,1,0,0,3,3,4,8,9,15,"1-2","Raphael Claus","2024-07-24-Vitoria-Flamengo"
"104","BRA",2024-07-24,"Fluminense","Palmeiras",1,0,"H",1,0.1,2,3,0,0,2,1,4,2,14,19,"1-0","Wilton Sampaio","2024-07-24-Fluminense-Palmeiras"
"105","BRA",2024-07-24,"Atl Goianiense","Bahia",1,1,"D",1.1,0.8,5,4,1,0,4,2,8,4,18,12,"1-1","Luciano da Silva Miranda","2024-07-24-Atl Goianiense-Bahia"
"106","BRA",2024-07-25,"Corinthians","Gremio",2,2,"D",1.6,0.9,1,2,0,0,6,7,4,5,21,17,"2-2","","2024-07-25-Corinthians-Gremio"
"107","BRA",2024-08-28,"Criciuma","RB Bragantino",1,0,"H",0.9,1.1,NA,NA,NA,NA,NA,NA,NA,NA,NA,NA,"1-0","André Luiz Skettino Policarpo Bento","2024-08-28-Criciuma-RB Bragantino"
"108","BRA",2024-09-11,"Internacional","Fortaleza",2,1,"H",1.7,1.1,2,5,0,1,8,1,8,3,19,9,"2-1","Gustavo Ervino Bauermann","2024-09-11-Internacional-Fortaleza"
"109","BRA",2024-10-24,"Vasco da Gama","Cuiaba",1,0,"H",0.8,0.6,2,1,0,0,2,2,3,2,16,14,"1-0","Wilton Sampaio","2024-10-24-Vasco da Gama-Cuiaba"
"110","BRA",2024-11-16,"Ath Paranaense","Atletico Mineiro",1,0,"H",1.5,0.4,2,2,0,0,5,3,4,3,11,10,"1-0","Matheus Delgado Candançan","2024-11-16-Ath Paranaense-Atletico Mineiro"
"111","BRA",2024-04-16,"Bahia","Fluminense",2,1,"H",1.1,0.4,4,5,0,0,5,3,4,3,15,23,"2-1","","2024-04-16-Bahia-Fluminense"
"112","BRA",2024-04-17,"RB Bragantino","Vasco da Gama",2,1,"H",0.9,1.2,NA,NA,NA,NA,NA,NA,NA,NA,NA,NA,"2-1","Paulo Zanovelli","2024-04-17-RB Bragantino-Vasco da Gama"
"113","BRA",2024-04-17,"Gremio","Ath Paranaense",2,0,"H",1.1,0.2,1,3,0,0,7,0,9,2,7,13,"2-0","","2024-04-17-Gremio-Ath Paranaense"
"114","BRA",2024-04-17,"Palmeiras","Internacional",0,1,"A",1.4,1.1,2,4,0,0,3,2,6,2,17,21,"0-1","","2024-04-17-Palmeiras-Internacional"
"115","BRA",2024-04-17,"Fortaleza","Cruzeiro",1,1,"D",0.6,0.8,2,3,0,1,3,5,7,5,13,10,"1-1","","2024-04-17-Fortaleza-Cruzeiro"
"116","BRA",2024-04-17,"Juventude","Corinthians",2,0,"H",1.6,1.1,3,1,1,0,8,2,6,7,16,10,"2-0","","2024-04-17-Juventude-Corinthians"
"117","BRA",2024-04-17,"Atletico Mineiro","Criciuma",1,1,"D",1,0.3,2,4,0,0,6,1,9,2,12,10,"1-1","","2024-04-17-Atletico Mineiro-Criciuma"
"118","BRA",2024-04-17,"Flamengo","Sao Paulo",2,1,"H",1.3,0.7,1,3,0,0,6,3,9,1,19,19,"2-1","","2024-04-17-Flamengo-Sao Paulo"
"119","BRA",2024-04-18,"Botafogo RJ","Atl Goianiense",1,0,"H",0.6,0.9,3,4,0,0,4,3,8,8,13,11,"1-0","","2024-04-18-Botafogo RJ-Atl Goianiense"
"120","BRA",2024-06-05,"Cuiaba","Vitoria",0,0,"D",0.4,1,3,4,0,0,0,4,4,3,19,14,"0-0","","2024-06-05-Cuiaba-Vitoria"
"121","BRA",2024-07-27,"Juventude","Criciuma",1,2,"A",0.5,1.7,1,2,0,0,5,7,5,7,13,18,"1-2","João Vitor Gobi","2024-07-27-Juventude-Criciuma"
"122","BRA",2024-07-27,"Palmeiras","Vitoria",0,2,"A",0.8,0.6,2,6,0,1,3,3,13,2,14,9,"0-2","Caio Max Augusto Vieira","2024-07-27-Palmeiras-Vitoria"
"123","BRA",2024-07-27,"Bahia","Internacional",1,1,"D",0.9,1.5,1,3,0,0,3,2,4,2,12,18,"1-1","Matheus Delgado Candançan","2024-07-27-Bahia-Internacional"
"124","BRA",2024-07-27,"Botafogo RJ","Cruzeiro",0,3,"A",2.2,0.6,2,4,0,0,10,5,8,1,14,15,"0-3","Wilton Sampaio","2024-07-27-Botafogo RJ-Cruzeiro"
"125","BRA",2024-07-27,"Fortaleza","Sao Paulo",1,0,"H",1.3,0.6,3,3,1,0,1,1,3,10,15,16,"1-0","","2024-07-27-Fortaleza-Sao Paulo"
"126","BRA",2024-07-28,"RB Bragantino","Fluminense",0,1,"A",0.4,0.8,NA,NA,NA,NA,NA,NA,NA,NA,NA,NA,"0-1","","2024-07-28-RB Bragantino-Fluminense"
"127","BRA",2024-07-28,"Flamengo","Atl Goianiense",2,0,"H",1.3,0.4,3,2,0,0,5,3,6,3,9,12,"2-0","","2024-07-28-Flamengo-Atl Goianiense"
"128","BRA",2024-07-28,"Cuiaba","Ath Paranaense",1,2,"A",1.5,2.1,0,2,0,0,5,4,12,2,8,12,"1-2","","2024-07-28-Cuiaba-Ath Paranaense"
"129","BRA",2024-07-28,"Atletico Mineiro","Corinthians",2,1,"H",1.9,1.1,3,3,1,0,2,7,4,4,17,16,"2-1","Bruno Arleu","2024-07-28-Atletico Mineiro-Corinthians"
"130","BRA",2024-07-28,"Gremio","Vasco da Gama",1,0,"H",1.7,0.9,3,4,0,0,3,1,8,3,13,13,"1-0","Paulo Zanovelli","2024-07-28-Gremio-Vasco da Gama"
"131","BRA",2024-08-03,"Vitoria","Cuiaba",1,0,"H",1.6,0.8,3,3,0,0,3,2,4,5,16,17,"1-0","João Vitor Gobi","2024-08-03-Vitoria-Cuiaba"
"132","BRA",2024-08-03,"Vasco da Gama","RB Bragantino",2,2,"D",0.8,1.3,NA,NA,NA,NA,NA,NA,NA,NA,NA,NA,"2-2","Gustavo Ervino Bauermann","2024-08-03-Vasco da Gama-RB Bragantino"
"133","BRA",2024-08-03,"Atl Goianiense","Botafogo RJ",1,4,"A",1.2,3.1,3,3,1,1,2,7,3,7,17,14,"1-4","Felipe Fernandes de Lima","2024-08-03-Atl Goianiense-Botafogo RJ"
"134","BRA",2024-08-03,"Criciuma","Atletico Mineiro",2,1,"H",1.2,1.4,1,2,0,0,5,2,5,1,13,7,"2-1","","2024-08-03-Criciuma-Atletico Mineiro"
"135","BRA",2024-08-03,"Sao Paulo","Flamengo",1,0,"H",1.4,0.3,1,3,0,0,3,0,8,3,11,13,"1-0","Rafael Klein","2024-08-03-Sao Paulo-Flamengo"
"136","BRA",2024-08-04,"Corinthians","Juventude",1,1,"D",2.4,0.7,2,8,0,3,10,3,11,3,16,15,"1-1","Lucas Paulo Torezin","2024-08-04-Corinthians-Juventude"
"137","BRA",2024-08-04,"Ath Paranaense","Gremio",0,2,"A",0.9,2.2,2,0,0,0,3,7,9,0,12,12,"0-2","Matheus Delgado Candançan","2024-08-04-Ath Paranaense-Gremio"
"138","BRA",2024-08-04,"Fluminense","Bahia",1,0,"H",1.1,1.7,3,2,0,0,6,3,3,3,12,10,"1-0","Davi de Oliveira Lacerda","2024-08-04-Fluminense-Bahia"
"139","BRA",2024-08-04,"Internacional","Palmeiras",1,1,"D",1.5,1.4,2,0,0,0,7,5,4,11,19,6,"1-1","Wagner do Nascimento Magalhães","2024-08-04-Internacional-Palmeiras"
"140","BRA",2024-08-05,"Cruzeiro","Fortaleza",1,2,"A",0.8,1.1,3,3,0,0,7,4,5,1,18,17,"1-2","Alex Gomes Stefano","2024-08-05-Cruzeiro-Fortaleza"
"141","BRA",2024-08-10,"Fortaleza","Criciuma",1,0,"H",1.9,0.8,2,4,0,0,4,2,4,6,16,13,"1-0","Kleber Ariel Goncalves Silva","2024-08-10-Fortaleza-Criciuma"
"142","BRA",2024-08-10,"Cuiaba","Gremio",1,3,"A",0.5,1.4,1,2,0,0,3,6,5,5,15,7,"1-3","Bruno Pereira Vasconcelos","2024-08-10-Cuiaba-Gremio"
"143","BRA",2024-08-10,"Corinthians","RB Bragantino",1,1,"D",1.4,1.2,NA,NA,NA,NA,NA,NA,NA,NA,NA,NA,"1-1","Felipe Fernandes de Lima","2024-08-10-Corinthians-RB Bragantino"
"144","BRA",2024-08-10,"Vasco da Gama","Fluminense",2,0,"H",1.2,0.8,3,3,0,0,3,3,6,3,23,12,"2-0","Anderson Daronco","2024-08-10-Vasco da Gama-Fluminense"
"145","BRA",2024-08-10,"Cruzeiro","Atletico Mineiro",0,0,"D",0.3,0.6,3,1,0,0,1,3,4,4,19,12,"0-0","Raphael Claus","2024-08-10-Cruzeiro-Atletico Mineiro"
"146","BRA",2024-08-11,"Juventude","Botafogo RJ",3,2,"H",1.7,1.8,3,5,0,0,7,9,6,12,10,14,"3-2","Flavio Rodrigues de Souza","2024-08-11-Juventude-Botafogo RJ"
"147","BRA",2024-08-11,"Sao Paulo","Atl Goianiense",1,0,"H",2,0.7,1,1,0,0,6,6,3,2,15,8,"1-0","","2024-08-11-Sao Paulo-Atl Goianiense"
"148","BRA",2024-08-11,"Flamengo","Palmeiras",1,1,"D",1,1.3,1,4,0,1,7,6,4,2,15,21,"1-1","Wilton Sampaio","2024-08-11-Flamengo-Palmeiras"
"149","BRA",2024-08-11,"Bahia","Vitoria",2,0,"H",0.6,1,3,4,0,0,3,5,3,7,10,12,"2-0","Braulio Machado","2024-08-11-Bahia-Vitoria"
"150","BRA",2024-08-11,"Internacional","Ath Paranaense",2,2,"D",2.5,1.3,1,2,0,0,3,5,9,0,18,13,"2-2","Paulo Zanovelli","2024-08-11-Internacional-Ath Paranaense"
"151","BRA",2024-08-17,"Atletico Mineiro","Cuiaba",1,1,"D",1.8,1.3,3,6,0,0,3,4,8,6,13,14,"1-1","Davi de Oliveira Lacerda","2024-08-17-Atletico Mineiro-Cuiaba"
"152","BRA",2024-08-17,"Gremio","Bahia",0,2,"A",1.2,1.7,3,1,0,0,5,5,1,5,10,10,"0-2","Matheus Delgado Candançan","2024-08-17-Gremio-Bahia"
"153","BRA",2024-08-17,"RB Bragantino","Fortaleza",1,2,"A",2.2,1.9,NA,NA,NA,NA,NA,NA,NA,NA,NA,NA,"1-2","Alex Gomes Stefano","2024-08-17-RB Bragantino-Fortaleza"
"154","BRA",2024-08-17,"Fluminense","Corinthians",0,0,"D",0.6,1.1,2,2,0,0,4,2,6,2,10,17,"0-0","Braulio Machado","2024-08-17-Fluminense-Corinthians"
"155","BRA",2024-08-18,"Criciuma","Vasco da Gama",2,2,"D",1,1.3,3,2,0,0,8,4,9,10,15,7,"2-2","Paulo Zanovelli","2024-08-18-Criciuma-Vasco da Gama"
"156","BRA",2024-08-18,"Palmeiras","Sao Paulo",2,1,"H",2.1,0.6,4,3,0,1,8,4,6,1,17,12,"2-1","Raphael Claus","2024-08-18-Palmeiras-Sao Paulo"
"157","BRA",2024-08-18,"Atl Goianiense","Internacional",1,0,"H",0.7,1.9,3,0,0,0,5,6,4,7,11,6,"1-0","Flavio Rodrigues de Souza","2024-08-18-Atl Goianiense-Internacional"
"158","BRA",2024-08-18,"Botafogo RJ","Flamengo",4,1,"H",3.3,0.8,4,2,0,0,8,3,5,2,17,7,"4-1","Bruno Arleu","2024-08-18-Botafogo RJ-Flamengo"
"159","BRA",2024-08-18,"Ath Paranaense","Juventude",1,2,"A",1.5,1.1,4,2,0,0,7,5,10,4,17,10,"1-2","João Vitor Gobi","2024-08-18-Ath Paranaense-Juventude"
"160","BRA",2024-08-19,"Vitoria","Cruzeiro",2,2,"D",1.2,1.2,1,3,1,0,4,12,4,7,10,13,"2-2","Marcelo de Lima Henrique","2024-08-19-Vitoria-Cruzeiro"
"161","BRA",2024-08-24,"Atl Goianiense","Juventude",2,1,"H",2.5,0.6,5,6,1,1,6,3,4,5,17,10,"2-1","Bruno Pereira Vasconcelos","2024-08-24-Atl Goianiense-Juventude"
"162","BRA",2024-08-24,"Palmeiras","Cuiaba",5,0,"H",2.6,0.8,1,1,0,0,8,3,7,1,16,6,"5-0","Alex Gomes Stefano","2024-08-24-Palmeiras-Cuiaba"
"163","BRA",2024-08-24,"Atletico Mineiro","Fluminense",0,2,"A",0.5,0.7,5,3,0,0,0,6,5,2,19,7,"0-2","Flavio Rodrigues de Souza","2024-08-24-Atletico Mineiro-Fluminense"
"164","BRA",2024-08-25,"Fortaleza","Corinthians",1,0,"H",1,0.6,3,3,0,0,5,3,3,9,14,16,"1-0","Felipe Fernandes de Lima","2024-08-25-Fortaleza-Corinthians"
"165","BRA",2024-08-25,"Bahia","Botafogo RJ",0,0,"D",0.9,0.8,4,4,0,0,7,5,4,7,19,21,"0-0","Ramon Abatti","2024-08-25-Bahia-Botafogo RJ"
"166","BRA",2024-08-25,"Criciuma","Gremio",0,1,"A",0.9,1.3,2,1,0,0,4,4,6,9,15,8,"0-1","Lucas Paulo Torezin","2024-08-25-Criciuma-Gremio"
"167","BRA",2024-08-25,"Sao Paulo","Vitoria",2,1,"H",0.6,1.2,0,2,0,0,3,3,4,3,7,8,"2-1","Wilton Sampaio","2024-08-25-Sao Paulo-Vitoria"
"168","BRA",2024-08-25,"Internacional","Cruzeiro",1,0,"H",2.6,0.2,3,2,0,0,9,3,12,3,12,9,"1-0","Matheus Delgado Candançan","2024-08-25-Internacional-Cruzeiro"
"169","BRA",2024-08-25,"Flamengo","RB Bragantino",2,1,"H",1.3,1.1,NA,NA,NA,NA,NA,NA,NA,NA,NA,NA,"2-1","Gustavo Ervino Bauermann","2024-08-25-Flamengo-RB Bragantino"
"170","BRA",2024-08-26,"Vasco da Gama","Ath Paranaense",2,1,"H",0.7,0.7,1,2,0,0,4,4,4,5,10,11,"2-1","","2024-08-26-Vasco da Gama-Ath Paranaense"
"171","BRA",2024-08-31,"Cuiaba","Criciuma",2,1,"H",1.2,0.6,4,0,0,0,3,3,5,5,16,9,"2-1","Rodrigo José Pereira de Lima","2024-08-31-Cuiaba-Criciuma"
"172","BRA",2024-08-31,"Botafogo RJ","Fortaleza",2,0,"H",1.8,0.4,3,4,0,0,7,1,9,6,13,8,"2-0","Flavio Rodrigues de Souza","2024-08-31-Botafogo RJ-Fortaleza"
"173","BRA",2024-09-01,"Cruzeiro","Atl Goianiense",3,1,"H",1.7,1.4,2,5,0,0,5,4,8,3,13,7,"3-1","Gustavo Ervino Bauermann","2024-09-01-Cruzeiro-Atl Goianiense"
"174","BRA",2024-09-01,"Gremio","Atletico Mineiro",2,3,"A",2,2.8,1,3,1,0,4,11,5,9,11,17,"2-3","Raphael Claus","2024-09-01-Gremio-Atletico Mineiro"
"175","BRA",2024-09-01,"Corinthians","Flamengo",2,1,"H",1.6,1.3,5,4,2,1,4,2,5,2,18,18,"2-1","Ramon Abatti","2024-09-01-Corinthians-Flamengo"
"176","BRA",2024-09-01,"Juventude","Internacional",1,3,"A",0.6,2.9,1,2,1,0,5,7,6,4,13,17,"1-3","Marcelo de Lima Henrique","2024-09-01-Juventude-Internacional"
"177","BRA",2024-09-01,"Vitoria","Vasco da Gama",0,1,"A",1.4,0.4,3,3,0,0,5,6,10,3,7,7,"0-1","Luiz Flávio de Oliveira","2024-09-01-Vitoria-Vasco da Gama"
"178","BRA",2024-09-01,"Fluminense","Sao Paulo",2,0,"H",0.5,0.8,4,4,0,0,5,3,5,4,13,16,"2-0","Paulo Zanovelli","2024-09-01-Fluminense-Sao Paulo"
"179","BRA",2024-09-01,"RB Bragantino","Bahia",2,1,"H",1,0.8,NA,NA,NA,NA,NA,NA,NA,NA,NA,NA,"2-1","Davi de Oliveira Lacerda","2024-09-01-RB Bragantino-Bahia"
"180","BRA",2024-09-01,"Ath Paranaense","Palmeiras",0,2,"A",0.9,3,2,1,0,0,9,10,4,4,10,9,"0-2","Braulio Machado","2024-09-01-Ath Paranaense-Palmeiras"
"181","BRA",2024-09-14,"Atl Goianiense","Vitoria",0,2,"A",0.7,0.8,3,6,0,0,4,4,9,5,14,14,"0-2","Edina Alves","2024-09-14-Atl Goianiense-Vitoria"
"182","BRA",2024-09-14,"Ath Paranaense","Fortaleza",1,1,"D",2.9,1.1,2,2,0,0,8,3,13,4,12,10,"1-1","Davi de Oliveira Lacerda","2024-09-14-Ath Paranaense-Fortaleza"
"183","BRA",2024-09-14,"Botafogo RJ","Corinthians",2,1,"H",2.2,2,1,3,0,0,10,0,6,3,12,7,"2-1","Anderson Daronco","2024-09-14-Botafogo RJ-Corinthians"
"184","BRA",2024-09-15,"Palmeiras","Criciuma",5,0,"H",1.9,0.7,0,2,1,0,8,5,4,6,12,11,"5-0","Alex Gomes Stefano","2024-09-15-Palmeiras-Criciuma"
"185","BRA",2024-09-15,"RB Bragantino","Gremio",2,2,"D",1.7,0.8,NA,NA,NA,NA,NA,NA,NA,NA,NA,NA,"2-2","Bruno Arleu","2024-09-15-RB Bragantino-Gremio"
"186","BRA",2024-09-15,"Juventude","Fluminense",2,1,"H",0.6,0.7,5,4,0,0,5,1,8,5,8,9,"2-1","Flavio Rodrigues de Souza","2024-09-15-Juventude-Fluminense"
"187","BRA",2024-09-15,"Cruzeiro","Sao Paulo",0,1,"A",0.6,1.1,4,3,0,0,1,4,7,7,11,10,"0-1","Wilton Sampaio","2024-09-15-Cruzeiro-Sao Paulo"
"188","BRA",2024-09-15,"Flamengo","Vasco da Gama",1,1,"D",2.1,1,0,1,0,0,3,2,5,6,10,10,"1-1","Raphael Claus","2024-09-15-Flamengo-Vasco da Gama"
"189","BRA",2024-09-15,"Bahia","Atletico Mineiro",3,0,"H",1.1,0.6,1,3,0,0,4,2,6,1,17,16,"3-0","Rafael Klein","2024-09-15-Bahia-Atletico Mineiro"
"190","BRA",2024-09-16,"Internacional","Cuiaba",3,0,"H",3.3,0.3,1,2,0,0,6,0,2,3,8,10,"3-0","Braulio Machado","2024-09-16-Internacional-Cuiaba"
"191","BRA",2024-09-21,"Vitoria","Juventude",1,0,"H",1.1,0.9,3,4,0,0,1,2,4,5,12,15,"1-0","Braulio Machado","2024-09-21-Vitoria-Juventude"
"192","BRA",2024-09-21,"Corinthians","Atl Goianiense",3,0,"H",2.5,0.7,3,4,0,0,6,3,6,1,7,17,"3-0","Bruno Arleu","2024-09-21-Corinthians-Atl Goianiense"
"193","BRA",2024-09-21,"Fluminense","Botafogo RJ",0,1,"A",0.4,1.6,1,1,0,0,5,6,5,4,13,17,"0-1","Wilton Sampaio","2024-09-21-Fluminense-Botafogo RJ"
"194","BRA",2024-09-21,"Fortaleza","Bahia",4,1,"H",1.5,0.4,2,1,1,0,6,4,2,1,13,9,"4-1","Raphael Claus","2024-09-21-Fortaleza-Bahia"
"195","BRA",2024-09-22,"Vasco da Gama","Palmeiras",0,1,"A",0.3,1.4,1,2,0,0,3,3,5,5,8,14,"0-1","Rafael Klein","2024-09-22-Vasco da Gama-Palmeiras"
"196","BRA",2024-09-22,"Atletico Mineiro","RB Bragantino",3,0,"H",2.3,0.6,NA,NA,NA,NA,NA,NA,NA,NA,NA,NA,"3-0","Lucas Paulo Torezin","2024-09-22-Atletico Mineiro-RB Bragantino"
"197","BRA",2024-09-22,"Cuiaba","Cruzeiro",0,0,"D",0.4,0.9,0,1,0,1,4,2,4,5,10,10,"0-0","Flavio Rodrigues de Souza","2024-09-22-Cuiaba-Cruzeiro"
"198","BRA",2024-09-22,"Gremio","Flamengo",3,2,"H",1.6,1.4,1,0,0,1,3,8,4,6,6,13,"3-2","Matheus Delgado Candançan","2024-09-22-Gremio-Flamengo"
"199","BRA",2024-09-22,"Sao Paulo","Internacional",1,3,"A",0.8,1,5,1,0,0,2,6,2,4,18,16,"1-3","Ramon Abatti","2024-09-22-Sao Paulo-Internacional"
"200","BRA",2024-09-22,"Criciuma","Ath Paranaense",0,0,"D",1.4,0.6,2,2,0,0,6,3,12,1,11,12,"0-0","Anderson Daronco","2024-09-22-Criciuma-Ath Paranaense"
"201","BRA",2024-09-28,"Palmeiras","Atletico Mineiro",2,1,"H",2.6,0.3,2,2,0,0,6,3,7,3,15,10,"2-1","Bruno Arleu","2024-09-28-Palmeiras-Atletico Mineiro"
"202","BRA",2024-09-28,"Botafogo RJ","Gremio",0,0,"D",1,0.7,2,3,0,1,3,4,5,3,10,14,"0-0","Maguielson Lima Barbosa","2024-09-28-Botafogo RJ-Gremio"
"203","BRA",2024-09-29,"Juventude","RB Bragantino",1,1,"D",1,1.2,NA,NA,NA,NA,NA,NA,NA,NA,NA,NA,"1-1","Alex Gomes Stefano","2024-09-29-Juventude-RB Bragantino"
"204","BRA",2024-09-29,"Fortaleza","Cuiaba",1,0,"H",0.8,0.1,2,4,0,0,6,1,7,3,18,9,"1-0","Denis da Silva Ribeiro Serafim","2024-09-29-Fortaleza-Cuiaba"
"205","BRA",2024-09-29,"Atl Goianiense","Fluminense",1,0,"H",1.4,1.5,0,2,0,0,7,2,4,3,15,14,"1-0","Ramon Abatti","2024-09-29-Atl Goianiense-Fluminense"
"206","BRA",2024-09-29,"Sao Paulo","Corinthians",3,1,"H",2.9,0.8,6,6,0,2,7,3,7,2,18,17,"3-1","Rafael Klein","2024-09-29-Sao Paulo-Corinthians"
"207","BRA",2024-09-29,"Bahia","Criciuma",1,0,"H",2.6,0.1,1,2,0,0,6,1,9,1,10,8,"1-0","Edina Alves","2024-09-29-Bahia-Criciuma"
"208","BRA",2024-09-29,"Internacional","Vitoria",3,1,"H",2.4,0.7,3,1,0,0,4,4,2,6,26,8,"3-1","Wagner do Nascimento Magalhães","2024-09-29-Internacional-Vitoria"
"209","BRA",2024-09-29,"Cruzeiro","Vasco da Gama",1,1,"D",0.8,1.1,0,3,0,1,6,4,11,4,7,6,"1-1","Matheus Delgado Candançan","2024-09-29-Cruzeiro-Vasco da Gama"
"210","BRA",2024-09-29,"Flamengo","Ath Paranaense",1,0,"H",0.7,0.4,2,2,0,0,4,1,6,1,12,13,"1-0","Davi de Oliveira Lacerda","2024-09-29-Flamengo-Ath Paranaense"
"211","BRA",2024-10-03,"Criciuma","Atl Goianiense",2,0,"H",1.3,0.4,1,4,0,0,5,3,7,6,16,7,"2-0","João Vitor Gobi","2024-10-03-Criciuma-Atl Goianiense"
"212","BRA",2024-10-03,"Fluminense","Cruzeiro",1,0,"H",1.6,1.4,8,3,0,0,5,4,2,2,19,16,"1-0","Gustavo Ervino Bauermann","2024-10-03-Fluminense-Cruzeiro"
"213","BRA",2024-10-04,"Gremio","Fortaleza",3,1,"H",1.6,0.3,2,4,1,1,5,5,10,2,11,9,"3-1","Davi de Oliveira Lacerda","2024-10-04-Gremio-Fortaleza"
"214","BRA",2024-10-05,"RB Bragantino","Palmeiras",0,0,"D",0.8,1.4,NA,NA,NA,NA,NA,NA,NA,NA,NA,NA,"0-0","Braulio Machado","2024-10-05-RB Bragantino-Palmeiras"
"215","BRA",2024-10-05,"Atletico Mineiro","Vitoria",2,2,"D",1,1.1,1,0,1,0,3,3,2,5,13,14,"2-2","Matheus Delgado Candançan","2024-10-05-Atletico Mineiro-Vitoria"
"216","BRA",2024-10-05,"Ath Paranaense","Botafogo RJ",0,1,"A",1.6,1.2,2,3,0,0,3,3,8,3,8,20,"0-1","Flavio Rodrigues de Souza","2024-10-05-Ath Paranaense-Botafogo RJ"
"217","BRA",2024-10-05,"Cuiaba","Sao Paulo",2,0,"H",0.8,0.5,2,2,0,0,3,3,3,7,12,8,"2-0","Anderson Daronco","2024-10-05-Cuiaba-Sao Paulo"
"218","BRA",2024-10-05,"Bahia","Flamengo",0,2,"A",0.8,2.5,4,4,1,0,2,6,3,7,20,11,"0-2","Rafael Klein","2024-10-05-Bahia-Flamengo"
"219","BRA",2024-10-05,"Corinthians","Internacional",2,2,"D",1.9,0.6,5,4,0,0,5,2,9,9,11,14,"2-2","Lucas Paulo Torezin","2024-10-05-Corinthians-Internacional"
"220","BRA",2024-10-05,"Vasco da Gama","Juventude",1,1,"D",1.2,1.6,1,3,1,0,3,5,3,6,14,13,"1-1","Caio Max Augusto Vieira","2024-10-05-Vasco da Gama-Juventude"
"221","BRA",2024-04-20,"Fluminense","Vasco da Gama",2,1,"H",1.3,1.9,4,5,0,0,8,5,2,7,16,17,"2-1","Wilton Sampaio","2024-04-20-Fluminense-Vasco da Gama"
"222","BRA",2024-04-20,"RB Bragantino","Corinthians",1,0,"H",0.5,1.2,NA,NA,NA,NA,NA,NA,NA,NA,NA,NA,"1-0","","2024-04-20-RB Bragantino-Corinthians"
"223","BRA",2024-04-20,"Gremio","Cuiaba",1,0,"H",0.6,1.3,4,2,0,0,4,3,3,4,10,5,"1-0","","2024-04-20-Gremio-Cuiaba"
"224","BRA",2024-04-20,"Atletico Mineiro","Cruzeiro",3,0,"H",1.1,0.8,2,2,0,0,4,2,4,4,15,17,"3-0","","2024-04-20-Atletico Mineiro-Cruzeiro"
"225","BRA",2024-04-21,"Vitoria","Bahia",2,2,"D",1.6,2.5,3,3,0,0,8,7,2,7,12,13,"2-2","","2024-04-21-Vitoria-Bahia"
"226","BRA",2024-04-21,"Ath Paranaense","Internacional",1,0,"H",0.8,1.6,5,5,1,0,3,3,5,3,16,15,"1-0","","2024-04-21-Ath Paranaense-Internacional"
"227","BRA",2024-04-21,"Palmeiras","Flamengo",0,0,"D",0.4,0.2,5,4,0,0,1,3,6,5,23,14,"0-0","","2024-04-21-Palmeiras-Flamengo"
"228","BRA",2024-04-21,"Atl Goianiense","Sao Paulo",0,3,"A",0.2,1.7,5,0,2,0,1,6,4,3,13,9,"0-3","","2024-04-21-Atl Goianiense-Sao Paulo"
"229","BRA",2024-04-21,"Botafogo RJ","Juventude",5,1,"H",2.9,0.3,3,4,0,1,5,1,5,4,22,10,"5-1","","2024-04-21-Botafogo RJ-Juventude"
"230","BRA",2024-07-24,"Criciuma","Fortaleza",1,1,"D",0.5,1.6,0,1,0,0,7,4,4,5,11,8,"1-1","Jonathan Benkenstein Pinheiro","2024-07-24-Criciuma-Fortaleza"
"231","BRA",2024-10-16,"Fortaleza","Atletico Mineiro",1,1,"D",0.7,1.4,1,3,2,0,1,5,7,3,9,10,"1-1","Rafael Klein","2024-10-16-Fortaleza-Atletico Mineiro"
"232","BRA",2024-10-16,"Sao Paulo","Vasco da Gama",3,0,"H",1.3,1,1,0,0,0,6,3,3,5,8,6,"3-0","Davi de Oliveira Lacerda","2024-10-16-Sao Paulo-Vasco da Gama"
"233","BRA",2024-10-17,"Corinthians","Ath Paranaense",5,2,"H",1.8,1.6,3,3,0,0,8,6,3,8,9,7,"5-2","Wilton Sampaio","2024-10-17-Corinthians-Ath Paranaense"
"234","BRA",2024-10-17,"Flamengo","Fluminense",0,2,"A",1.5,1.7,1,3,0,0,5,2,5,1,15,15,"0-2","Raphael Claus","2024-10-17-Flamengo-Fluminense"
"235","BRA",2024-10-18,"Atl Goianiense","Cuiaba",0,0,"D",1.2,0.4,2,3,0,0,4,0,8,4,17,15,"0-0","Braulio Machado","2024-10-18-Atl Goianiense-Cuiaba"
"236","BRA",2024-10-18,"Botafogo RJ","Criciuma",1,1,"D",2.5,0.3,1,2,0,0,7,3,9,1,12,10,"1-1","Matheus Delgado Candançan","2024-10-18-Botafogo RJ-Criciuma"
"237","BRA",2024-10-18,"Cruzeiro","Bahia",1,1,"D",1.2,1.3,1,2,0,0,3,4,5,7,10,8,"1-1","Flavio Rodrigues de Souza","2024-10-18-Cruzeiro-Bahia"
"238","BRA",2024-10-19,"Internacional","Gremio",1,0,"H",1.8,0.5,1,3,0,0,6,7,3,6,14,15,"1-0","Bruno Arleu","2024-10-19-Internacional-Gremio"
"239","BRA",2024-10-19,"Vitoria","RB Bragantino",1,0,"H",1.3,0.7,NA,NA,NA,NA,NA,NA,NA,NA,NA,NA,"1-0","Denis da Silva Ribeiro Serafim","2024-10-19-Vitoria-RB Bragantino"
"240","BRA",2024-10-20,"Juventude","Palmeiras",3,5,"A",2.1,2.6,2,5,0,0,6,7,7,5,15,19,"3-5","Alex Gomes Stefano","2024-10-20-Juventude-Palmeiras"
"241","BRA",2024-10-26,"Gremio","Atl Goianiense",3,1,"H",2,1.5,2,4,0,0,5,4,4,3,14,18,"3-1","Edina Alves","2024-10-26-Gremio-Atl Goianiense"
"242","BRA",2024-10-26,"Flamengo","Juventude",4,2,"H",2.4,0.6,2,5,0,1,9,3,8,1,8,14,"4-2","Braulio Machado","2024-10-26-Flamengo-Juventude"
"243","BRA",2024-10-26,"Palmeiras","Fortaleza",2,2,"D",3.7,0.9,1,5,0,0,4,3,3,3,9,17,"2-2","Ramon Abatti","2024-10-26-Palmeiras-Fortaleza"
"244","BRA",2024-10-26,"Vitoria","Fluminense",2,1,"H",1.4,0.6,4,2,0,0,2,4,7,5,15,7,"2-1","Flavio Rodrigues de Souza","2024-10-26-Vitoria-Fluminense"
"245","BRA",2024-10-26,"Ath Paranaense","Cruzeiro",3,0,"H",1.4,0.1,0,3,0,1,6,0,7,1,14,14,"3-0","Rodrigo José Pereira de Lima","2024-10-26-Ath Paranaense-Cruzeiro"
"246","BRA",2024-10-26,"RB Bragantino","Botafogo RJ",0,1,"A",0.2,1.3,NA,NA,NA,NA,NA,NA,NA,NA,NA,NA,"0-1","Anderson Daronco","2024-10-26-RB Bragantino-Botafogo RJ"
"247","BRA",2024-10-26,"Atletico Mineiro","Internacional",1,3,"A",1,1.6,6,2,1,0,2,6,3,3,15,15,"1-3","Marcelo de Lima Henrique","2024-10-26-Atletico Mineiro-Internacional"
"248","BRA",2024-10-26,"Criciuma","Sao Paulo",1,1,"D",0.8,0.8,2,0,0,0,3,3,6,7,13,10,"1-1","Rafael Rodrigo Klein","2024-10-26-Criciuma-Sao Paulo"
"249","BRA",2024-10-28,"Cuiaba","Corinthians",0,1,"A",0.3,1.3,5,2,0,0,5,2,5,2,14,16,"0-1","Bruno Arleu","2024-10-28-Cuiaba-Corinthians"
"250","BRA",2024-10-28,"Vasco da Gama","Bahia",3,2,"H",1.9,2,3,2,0,0,7,7,2,4,11,9,"3-2","Raphael Claus","2024-10-28-Vasco da Gama-Bahia"
"251","BRA",2024-11-01,"Fluminense","Gremio",2,2,"D",2.3,1.4,6,4,1,0,7,2,8,2,15,14,"2-2","Matheus Delgado Candançan","2024-11-01-Fluminense-Gremio"
"252","BRA",2024-11-02,"RB Bragantino","Cuiaba",0,0,"D",1,0.4,NA,NA,NA,NA,NA,NA,NA,NA,NA,NA,"0-0","Marcelo de Lima Henrique","2024-11-02-RB Bragantino-Cuiaba"
"253","BRA",2024-11-02,"Ath Paranaense","Vitoria",1,2,"A",1.3,1.1,1,3,0,0,5,5,9,3,8,13,"1-2","Luiz Flávio de Oliveira","2024-11-02-Ath Paranaense-Vitoria"
"254","BRA",2024-11-02,"Juventude","Fortaleza",0,3,"A",1.2,0.9,3,2,0,0,6,4,5,3,7,14,"0-3","Raphael Claus","2024-11-02-Juventude-Fortaleza"
"255","BRA",2024-11-04,"Corinthians","Palmeiras",2,0,"H",0.8,1,2,3,0,0,4,4,2,9,18,13,"2-0","Wilton Sampaio","2024-11-04-Corinthians-Palmeiras"
"256","BRA",2024-11-05,"Bahia","Sao Paulo",0,3,"A",1.5,1.1,3,2,0,0,6,4,10,3,13,16,"0-3","Alex Gomes Stefano","2024-11-05-Bahia-Sao Paulo"
"257","BRA",2024-11-05,"Internacional","Criciuma",2,0,"H",1.5,0.1,1,2,0,1,9,4,7,3,15,13,"2-0","Felipe Fernandes de Lima","2024-11-05-Internacional-Criciuma"
"258","BRA",2024-11-05,"Botafogo RJ","Vasco da Gama",3,0,"H",2.6,0.6,0,3,0,1,5,3,7,4,13,8,"3-0","Bruno Arleu","2024-11-05-Botafogo RJ-Vasco da Gama"
"259","BRA",2024-11-06,"Atl Goianiense","Atletico Mineiro",1,0,"H",1,0.7,2,2,0,0,3,5,4,7,11,13,"1-0","Jonathan Benkenstein Pinheiro","2024-11-06-Atl Goianiense-Atletico Mineiro"
"260","BRA",2024-11-06,"Cruzeiro","Flamengo",0,1,"A",0.7,0.4,2,7,0,1,5,2,7,4,8,13,"0-1","Gustavo Ervino Bauermann","2024-11-06-Cruzeiro-Flamengo"
"261","BRA",2024-11-08,"Internacional","Fluminense",2,0,"H",1.2,0.9,3,1,0,0,5,2,4,4,11,10,"2-0","Luiz Flávio de Oliveira","2024-11-08-Internacional-Fluminense"
"262","BRA",2024-11-08,"Palmeiras","Gremio",1,0,"H",2.8,0.6,5,3,0,0,14,0,14,1,14,9,"1-0","Marcelo de Lima Henrique","2024-11-08-Palmeiras-Gremio"
"263","BRA",2024-11-09,"Botafogo RJ","Cuiaba",0,0,"D",2.6,0.2,0,5,0,0,5,1,8,1,8,14,"0-0","Rodrigo José Pereira de Lima","2024-11-09-Botafogo RJ-Cuiaba"
"264","BRA",2024-11-09,"Vitoria","Corinthians",1,2,"A",1.6,0.9,4,2,0,0,2,7,14,4,11,11,"1-2","Bruno Arleu","2024-11-09-Vitoria-Corinthians"
"265","BRA",2024-11-09,"Fortaleza","Vasco da Gama",3,0,"H",2.3,0.2,1,1,0,0,8,2,5,1,13,11,"3-0","Lucas Paulo Torezin","2024-11-09-Fortaleza-Vasco da Gama"
"266","BRA",2024-11-09,"Cruzeiro","Criciuma",2,1,"H",3.2,1.1,3,4,0,0,9,7,6,5,13,11,"2-1","Wagner do Nascimento Magalhães","2024-11-09-Cruzeiro-Criciuma"
"267","BRA",2024-11-09,"Juventude","Bahia",2,1,"H",2.2,0.7,3,1,0,0,8,3,7,2,11,9,"2-1","Wilton Sampaio","2024-11-09-Juventude-Bahia"
"268","BRA",2024-11-09,"Atl Goianiense","RB Bragantino",0,0,"D",0.4,1.6,NA,NA,NA,NA,NA,NA,NA,NA,NA,NA,"0-0","Anderson Daronco","2024-11-09-Atl Goianiense-RB Bragantino"
"269","BRA",2024-11-09,"Sao Paulo","Ath Paranaense",2,1,"H",1.4,0.2,2,5,0,0,3,3,5,6,5,20,"2-1","Rafael Klein","2024-11-09-Sao Paulo-Ath Paranaense"
"270","BRA",2024-11-13,"Flamengo","Atletico Mineiro",0,0,"D",2.1,0.8,1,1,0,0,5,2,7,4,14,7,"0-0","Davi de Oliveira Lacerda","2024-11-13-Flamengo-Atletico Mineiro"
"271","BRA",2024-11-20,"Corinthians","Cruzeiro",2,1,"H",3.1,0.3,3,3,0,0,8,1,3,4,13,15,"2-1","Jonathan Benkenstein Pinheiro","2024-11-20-Corinthians-Cruzeiro"
"272","BRA",2024-11-20,"Criciuma","Vitoria",0,1,"A",0.9,1.1,1,3,1,0,1,3,6,5,11,18,"0-1","Rafael Klein","2024-11-20-Criciuma-Vitoria"
"273","BRA",2024-11-20,"Ath Paranaense","Atl Goianiense",2,0,"H",2,1.2,1,2,1,0,7,5,6,9,9,8,"2-0","Alex Gomes Stefano","2024-11-20-Ath Paranaense-Atl Goianiense"
"274","BRA",2024-11-20,"RB Bragantino","Sao Paulo",1,1,"D",1.7,0.4,NA,NA,NA,NA,NA,NA,NA,NA,NA,NA,"1-1","Wilton Sampaio","2024-11-20-RB Bragantino-Sao Paulo"
"275","BRA",2024-11-20,"Cuiaba","Flamengo",1,2,"A",0.4,1.9,1,2,0,0,3,7,4,10,6,10,"1-2","Edina Alves","2024-11-20-Cuiaba-Flamengo"
"276","BRA",2024-11-20,"Bahia","Palmeiras",1,2,"A",1.8,0.5,1,1,0,0,5,2,4,5,15,14,"1-2","Wagner do Nascimento Magalhães","2024-11-20-Bahia-Palmeiras"
"277","BRA",2024-11-20,"Gremio","Juventude",2,2,"D",0.7,1.5,3,5,0,0,3,4,5,4,17,16,"2-2","Bruno Arleu","2024-11-20-Gremio-Juventude"
"278","BRA",2024-11-20,"Atletico Mineiro","Botafogo RJ",0,0,"D",0.1,2,7,2,1,1,0,4,1,11,9,11,"0-0","Luiz Flávio de Oliveira","2024-11-20-Atletico Mineiro-Botafogo RJ"
"279","BRA",2024-11-21,"Vasco da Gama","Internacional",0,1,"A",0.9,1,1,0,0,0,0,7,8,3,8,10,"0-1","Rodrigo José Pereira de Lima","2024-11-21-Vasco da Gama-Internacional"
"280","BRA",2024-11-22,"Fluminense","Fortaleza",2,2,"D",0.9,1.2,1,2,0,0,5,5,8,3,9,11,"2-2","Raphael Claus","2024-11-22-Fluminense-Fortaleza"
"281","BRA",2024-11-23,"Juventude","Cuiaba",1,1,"D",1.4,0.6,0,3,0,0,4,1,6,5,9,7,"1-1","Matheus Delgado Candançan","2024-11-23-Juventude-Cuiaba"
"282","BRA",2024-11-23,"Botafogo RJ","Vitoria",1,1,"D",1.8,0.5,3,4,1,0,9,4,10,0,10,7,"1-1","Ramon Abatti","2024-11-23-Botafogo RJ-Vitoria"
"283","BRA",2024-11-23,"Atl Goianiense","Palmeiras",0,1,"A",0.2,1.1,3,2,0,0,2,3,4,2,16,14,"0-1","Jonathan Benkenstein Pinheiro","2024-11-23-Atl Goianiense-Palmeiras"
"284","BRA",2024-11-23,"Sao Paulo","Atletico Mineiro",2,2,"D",1,1,3,5,0,1,4,3,7,1,11,11,"2-2","Alex Gomes Stefano","2024-11-23-Sao Paulo-Atletico Mineiro"
"285","BRA",2024-11-24,"Internacional","RB Bragantino",4,1,"H",2.9,0.3,NA,NA,NA,NA,NA,NA,NA,NA,NA,NA,"4-1","Marcelo de Lima Henrique","2024-11-24-Internacional-RB Bragantino"
"286","BRA",2024-11-24,"Bahia","Ath Paranaense",1,1,"D",1.8,0.8,1,2,0,0,8,3,11,1,7,13,"1-1","Rodrigo José Pereira de Lima","2024-11-24-Bahia-Ath Paranaense"
"287","BRA",2024-11-24,"Corinthians","Vasco da Gama",3,1,"H",1.2,0.3,1,4,0,0,8,2,7,6,8,14,"3-1","Davi de Oliveira Lacerda","2024-11-24-Corinthians-Vasco da Gama"
"288","BRA",2024-11-26,"Fluminense","Criciuma",0,0,"D",1,0.8,1,2,0,0,3,3,9,4,6,15,"0-0","Luiz Flávio de Oliveira","2024-11-26-Fluminense-Criciuma"
"289","BRA",2024-11-26,"Fortaleza","Flamengo",0,0,"D",0.2,1.3,2,4,0,1,1,4,5,5,16,14,"0-0","Anderson Daronco","2024-11-26-Fortaleza-Flamengo"
"290","BRA",2024-11-27,"Cruzeiro","Gremio",1,1,"D",1.5,0.8,2,1,0,0,3,4,5,1,16,6,"1-1","Raphael Claus","2024-11-27-Cruzeiro-Gremio"
"291","BRA",2024-11-26,"Palmeiras","Botafogo RJ",1,3,"A",1.5,1.6,2,4,1,0,5,7,5,7,9,16,"1-3","Wilton Sampaio","2024-11-26-Palmeiras-Botafogo RJ"
"292","BRA",2024-11-26,"Atletico Mineiro","Juventude",2,3,"A",3.1,1,1,0,0,0,4,7,9,5,13,8,"2-3","Flavio Rodrigues de Souza","2024-11-26-Atletico Mineiro-Juventude"
"293","BRA",2024-11-30,"Cuiaba","Bahia",1,2,"A",1.6,1.1,4,1,0,0,1,3,3,4,9,8,"1-2","Davi de Oliveira Lacerda","2024-11-30-Cuiaba-Bahia"
"294","BRA",2024-11-30,"Criciuma","Corinthians",2,4,"A",0.8,2.3,2,3,0,0,4,11,3,7,10,8,"2-4","Anderson Daronco","2024-11-30-Criciuma-Corinthians"
"295","BRA",2024-11-30,"Vasco da Gama","Atl Goianiense",2,2,"D",1.6,1.2,2,3,0,1,7,5,5,3,10,10,"2-2","Lucas Paulo Torezin","2024-11-30-Vasco da Gama-Atl Goianiense"
"296","BRA",2024-12-01,"Flamengo","Internacional",3,2,"H",2.1,1.1,2,2,0,0,10,6,6,4,14,12,"3-2","Rodrigo José Pereira de Lima","2024-12-01-Flamengo-Internacional"
"297","BRA",2024-12-01,"Gremio","Sao Paulo",2,1,"H",1.7,0.3,1,1,0,0,7,2,10,6,11,7,"2-1","Ramon Abatti","2024-12-01-Gremio-Sao Paulo"
"298","BRA",2024-12-01,"Vitoria","Fortaleza",2,0,"H",2.7,0.6,4,3,0,0,8,2,7,8,13,10,"2-0","Wilton Sampaio","2024-12-01-Vitoria-Fortaleza"
"299","BRA",2024-12-01,"Ath Paranaense","Fluminense",1,1,"D",1.1,1.3,1,2,1,1,4,3,3,8,10,10,"1-1","Raphael Claus","2024-12-01-Ath Paranaense-Fluminense"
"300","BRA",2024-12-01,"RB Bragantino","Cruzeiro",1,1,"D",0.4,1.4,NA,NA,NA,NA,NA,NA,NA,NA,NA,NA,"1-1","Rafael Klein","2024-12-01-RB Bragantino-Cruzeiro"
"301","BRA",2024-12-03,"Corinthians","Bahia",3,0,"H",1.8,0.4,2,4,0,0,7,2,7,4,12,13,"3-0","Bruno Arleu","2024-12-03-Corinthians-Bahia"
"302","BRA",2024-12-04,"Vasco da Gama","Atletico Mineiro",2,0,"H",1.3,0.7,4,2,0,0,4,3,3,6,20,13,"2-0","Davi de Oliveira Lacerda","2024-12-04-Vasco da Gama-Atletico Mineiro"
"303","BRA",2024-12-04,"Criciuma","Flamengo",0,3,"A",0.7,1.8,1,0,0,0,4,6,7,3,16,6,"0-3","Wilton Sampaio","2024-12-04-Criciuma-Flamengo"
"304","BRA",2024-12-04,"Sao Paulo","Juventude",1,2,"A",0.5,1.1,0,2,0,0,2,7,12,2,9,15,"1-2","Savio Pereira","2024-12-04-Sao Paulo-Juventude"
"305","BRA",2024-12-04,"Vitoria","Gremio",1,1,"D",1.5,0.6,1,2,0,0,5,2,7,1,13,10,"1-1","Alex Gomes Stefano","2024-12-04-Vitoria-Gremio"
"306","BRA",2024-12-04,"Atl Goianiense","Fortaleza",3,1,"H",2.1,1.5,4,3,0,0,8,3,5,3,13,16,"3-1","Lucas Casagrande","2024-12-04-Atl Goianiense-Fortaleza"
"307","BRA",2024-12-04,"Internacional","Botafogo RJ",0,1,"A",0.9,0.1,5,1,0,0,6,1,10,1,9,12,"0-1","Ramon Abatti","2024-12-04-Internacional-Botafogo RJ"
"308","BRA",2024-12-04,"Cruzeiro","Palmeiras",1,2,"A",0.7,2.8,3,1,0,0,3,11,7,6,14,13,"1-2","Anderson Daronco","2024-12-04-Cruzeiro-Palmeiras"
"309","BRA",2024-12-05,"Fluminense","Cuiaba",1,0,"H",2,0,3,4,0,0,5,3,10,3,14,9,"1-0","Rafael Klein","2024-12-05-Fluminense-Cuiaba"
"310","BRA",2024-12-05,"Ath Paranaense","RB Bragantino",1,2,"A",1.8,0.7,NA,NA,NA,NA,NA,NA,NA,NA,NA,NA,"1-2","Rodrigo José Pereira de Lima","2024-12-05-Ath Paranaense-RB Bragantino"
"311","BRA",2024-12-08,"Cuiaba","Vasco da Gama",1,2,"A",1.8,1.2,0,1,0,0,4,4,2,5,15,8,"1-2","Thaillan Azevedo Gomes","2024-12-08-Cuiaba-Vasco da Gama"
"312","BRA",2024-12-08,"Fortaleza","Internacional",3,0,"H",1.3,1.2,1,2,0,0,5,1,4,3,8,13,"3-0","Matheus Delgado Candançan","2024-12-08-Fortaleza-Internacional"
"313","BRA",2024-12-08,"Flamengo","Vitoria",2,2,"D",1.9,0.8,0,2,0,0,4,5,6,4,7,8,"2-2","Lucas Casagrande","2024-12-08-Flamengo-Vitoria"
"314","BRA",2024-12-08,"Gremio","Corinthians",0,3,"A",0.8,2.2,2,3,1,1,5,5,6,7,11,14,"0-3","Paulo Zanovelli","2024-12-08-Gremio-Corinthians"
"315","BRA",2024-12-08,"Juventude","Cruzeiro",0,1,"A",1.4,0.8,3,4,2,1,7,1,8,1,13,13,"0-1","Edina Alves","2024-12-08-Juventude-Cruzeiro"
"316","BRA",2024-12-08,"Atletico Mineiro","Ath Paranaense",1,0,"H",1.4,0.3,3,3,0,0,6,4,5,4,12,16,"1-0","Rafael Klein","2024-12-08-Atletico Mineiro-Ath Paranaense"
"317","BRA",2024-12-08,"Palmeiras","Fluminense",0,1,"A",0.4,0.9,2,5,0,0,3,5,11,2,14,11,"0-1","Ramon Abatti","2024-12-08-Palmeiras-Fluminense"
"318","BRA",2024-12-08,"Bahia","Atl Goianiense",2,0,"H",2.8,0.8,4,1,0,0,4,2,4,5,15,11,"2-0","Gustavo Ervino Bauermann","2024-12-08-Bahia-Atl Goianiense"
"319","BRA",2024-12-08,"RB Bragantino","Criciuma",5,1,"H",3.1,0.4,NA,NA,NA,NA,NA,NA,NA,NA,NA,NA,"5-1","Savio Pereira","2024-12-08-RB Bragantino-Criciuma"
"320","BRA",2024-12-08,"Botafogo RJ","Sao Paulo",2,1,"H",1.9,0.4,0,0,0,0,7,1,3,0,8,3,"2-1","Anderson Daronco","2024-12-08-Botafogo RJ-Sao Paulo"
"321","BRA",2024-04-27,"Vasco da Gama","Criciuma",0,4,"A",1.9,1.4,1,0,0,0,4,10,5,4,13,7,"0-4","Caio Max Augusto Vieira","2024-04-27-Vasco da Gama-Criciuma"
"322","BRA",2024-04-27,"Cuiaba","Atletico Mineiro",0,3,"A",0.2,2.1,4,5,0,1,1,4,3,10,11,17,"0-3","","2024-04-27-Cuiaba-Atletico Mineiro"
"323","BRA",2024-04-27,"Bahia","Gremio",1,0,"H",1.1,0.1,2,4,0,1,4,2,4,0,10,15,"1-0","","2024-04-27-Bahia-Gremio"
"324","BRA",2024-04-28,"Flamengo","Botafogo RJ",0,2,"A",0.8,1,1,4,0,0,0,3,8,3,12,15,"0-2","","2024-04-28-Flamengo-Botafogo RJ"
"325","BRA",2024-04-28,"Corinthians","Fluminense",3,0,"H",1.2,0.4,4,2,0,0,7,2,6,8,15,15,"3-0","","2024-04-28-Corinthians-Fluminense"
"326","BRA",2024-04-28,"Cruzeiro","Vitoria",3,1,"H",1.2,0.3,2,0,0,0,6,3,10,4,12,6,"3-1","","2024-04-28-Cruzeiro-Vitoria"
"327","BRA",2024-04-28,"Fortaleza","RB Bragantino",1,1,"D",1.7,0.5,NA,NA,NA,NA,NA,NA,NA,NA,NA,NA,"1-1","","2024-04-28-Fortaleza-RB Bragantino"
"328","BRA",2024-04-28,"Juventude","Ath Paranaense",1,1,"D",1.2,1.3,2,2,0,0,5,6,4,6,12,17,"1-1","","2024-04-28-Juventude-Ath Paranaense"
"329","BRA",2024-04-28,"Internacional","Atl Goianiense",1,1,"D",1.9,0.3,0,4,0,0,4,2,13,0,13,12,"1-1","","2024-04-28-Internacional-Atl Goianiense"
"330","BRA",2024-04-29,"Sao Paulo","Palmeiras",0,0,"D",0.9,0.8,4,3,0,0,1,2,6,4,10,20,"0-0","","2024-04-29-Sao Paulo-Palmeiras"
"331","BRA",2024-05-04,"Fluminense","Atletico Mineiro",2,2,"D",1.8,1.3,5,2,0,0,5,7,4,10,11,18,"2-2","","2024-05-04-Fluminense-Atletico Mineiro"
"332","BRA",2024-05-04,"RB Bragantino","Flamengo",1,1,"D",0.6,1.8,NA,NA,NA,NA,NA,NA,NA,NA,NA,NA,"1-1","","2024-05-04-RB Bragantino-Flamengo"
"333","BRA",2024-05-04,"Corinthians","Fortaleza",0,0,"D",1.9,1.1,1,6,0,0,9,2,9,5,14,17,"0-0","","2024-05-04-Corinthians-Fortaleza"
"334","BRA",2024-05-05,"Vitoria","Sao Paulo",1,3,"A",0.2,2.9,3,4,1,0,2,6,3,8,10,13,"1-3","","2024-05-05-Vitoria-Sao Paulo"
"335","BRA",2024-05-05,"Ath Paranaense","Vasco da Gama",1,0,"H",2.3,0.5,1,0,0,1,7,1,6,5,11,9,"1-0","","2024-05-05-Ath Paranaense-Vasco da Gama"
"336","BRA",2024-05-05,"Cuiaba","Palmeiras",0,2,"A",0.4,1.8,2,3,0,0,1,5,6,6,10,11,"0-2","","2024-05-05-Cuiaba-Palmeiras"
"337","BRA",2024-05-05,"Botafogo RJ","Bahia",1,2,"A",0.8,2.8,2,2,0,0,5,3,5,1,10,5,"1-2","","2024-05-05-Botafogo RJ-Bahia"
"338","BRA",2024-06-05,"Juventude","Atl Goianiense",1,0,"H",1.3,1.6,3,4,1,0,2,5,4,7,13,12,"1-0","","2024-06-05-Juventude-Atl Goianiense"
"339","BRA",2024-08-28,"Cruzeiro","Internacional",0,0,"D",1.7,0,2,7,0,1,3,0,10,3,12,13,"0-0","","2024-08-28-Cruzeiro-Internacional"
"340","BRA",2024-09-25,"Gremio","Criciuma",1,2,"A",1.6,0.8,2,5,0,0,3,4,6,3,8,12,"1-2","Davi de Oliveira Lacerda","2024-09-25-Gremio-Criciuma"
"341","BRA",2024-05-11,"Flamengo","Corinthians",2,0,"H",1.7,1.6,1,1,0,0,9,3,13,6,12,16,"2-0","","2024-05-11-Flamengo-Corinthians"
"342","BRA",2024-05-12,"Fortaleza","Botafogo RJ",1,1,"D",0.6,0.6,4,6,0,0,3,5,6,5,12,19,"1-1","","2024-05-12-Fortaleza-Botafogo RJ"
"343","BRA",2024-05-12,"Atl Goianiense","Cruzeiro",0,1,"A",1.5,0.5,1,2,0,0,5,4,5,5,13,10,"0-1","","2024-05-12-Atl Goianiense-Cruzeiro"
"344","BRA",2024-05-12,"Palmeiras","Ath Paranaense",0,2,"A",1.7,0.9,4,6,0,1,4,6,9,6,11,17,"0-2","","2024-05-12-Palmeiras-Ath Paranaense"
"345","BRA",2024-05-12,"Vasco da Gama","Vitoria",2,1,"H",1.7,1.7,5,1,0,1,8,5,4,4,12,12,"2-1","","2024-05-12-Vasco da Gama-Vitoria"
"346","BRA",2024-05-12,"Bahia","RB Bragantino",1,0,"H",0.8,0.5,NA,NA,NA,NA,NA,NA,NA,NA,NA,NA,"1-0","","2024-05-12-Bahia-RB Bragantino"
"347","BRA",2024-05-13,"Sao Paulo","Fluminense",2,1,"H",1.8,0.6,5,3,0,0,8,2,7,4,15,12,"2-1","","2024-05-13-Sao Paulo-Fluminense"
"348","BRA",2024-06-09,"Criciuma","Cuiaba",2,5,"A",1.8,1.5,5,6,1,0,8,7,6,2,10,13,"2-5","","2024-06-09-Criciuma-Cuiaba"
"349","BRA",2024-08-14,"Internacional","Juventude",2,1,"H",3.3,0.7,2,4,0,0,8,3,8,1,19,17,"2-1","Gustavo Ervino Bauermann","2024-08-14-Internacional-Juventude"
"350","BRA",2024-10-09,"Atletico Mineiro","Gremio",2,1,"H",1.8,1.4,4,3,0,0,4,4,4,10,15,7,"2-1","Luiz Flávio de Oliveira","2024-10-09-Atletico Mineiro-Gremio"
"351","BRA",2024-06-01,"Vitoria","Atl Goianiense",0,2,"A",0.6,1.4,3,2,2,0,3,5,3,4,7,9,"0-2","","2024-06-01-Vitoria-Atl Goianiense"
"352","BRA",2024-06-01,"Gremio","RB Bragantino",0,2,"A",0.8,1.4,NA,NA,NA,NA,NA,NA,NA,NA,NA,NA,"0-2","","2024-06-01-Gremio-RB Bragantino"
"353","BRA",2024-06-01,"Cuiaba","Internacional",0,1,"A",0.4,1,4,4,0,0,3,2,0,2,12,21,"0-1","","2024-06-01-Cuiaba-Internacional"
"354","BRA",2024-06-01,"Fluminense","Juventude",1,1,"D",2.3,1.3,2,4,0,1,3,4,5,3,13,19,"1-1","","2024-06-01-Fluminense-Juventude"
"355","BRA",2024-06-01,"Corinthians","Botafogo RJ",0,1,"A",0.7,1.1,2,4,0,0,7,2,2,5,7,16,"0-1","","2024-06-01-Corinthians-Botafogo RJ"
"356","BRA",2024-06-02,"Criciuma","Palmeiras",1,2,"A",1.2,2.7,7,3,0,0,4,4,4,6,17,9,"1-2","","2024-06-02-Criciuma-Palmeiras"
"357","BRA",2024-06-02,"Atletico Mineiro","Bahia",1,1,"D",1,0.4,6,4,0,0,4,2,5,4,13,9,"1-1","","2024-06-02-Atletico Mineiro-Bahia"
"358","BRA",2024-06-02,"Vasco da Gama","Flamengo",1,6,"A",0.1,3.8,2,0,1,0,2,18,1,8,18,6,"1-6","Braulio Machado","2024-06-02-Vasco da Gama-Flamengo"
"359","BRA",2024-06-02,"Sao Paulo","Cruzeiro",2,0,"H",0.6,0.6,2,2,0,1,4,3,4,2,18,11,"2-0","","2024-06-02-Sao Paulo-Cruzeiro"
"360","BRA",2024-06-02,"Fortaleza","Ath Paranaense",1,0,"H",1.3,0.7,3,4,0,0,4,2,2,4,12,17,"1-0","","2024-06-02-Fortaleza-Ath Paranaense"
"361","BRA",2024-06-11,"Juventude","Vitoria",1,1,"D",0.7,0.5,3,4,0,0,2,4,5,4,16,8,"1-1","","2024-06-11-Juventude-Vitoria"
"362","BRA",2024-06-11,"Atl Goianiense","Corinthians",2,2,"D",3.1,0.4,3,5,0,1,6,3,3,4,12,13,"2-2","","2024-06-11-Atl Goianiense-Corinthians"
"363","BRA",2024-06-11,"Botafogo RJ","Fluminense",1,0,"H",1.7,0.2,3,3,0,0,6,0,14,2,22,13,"1-0","","2024-06-11-Botafogo RJ-Fluminense"
"364","BRA",2024-06-11,"RB Bragantino","Atletico Mineiro",1,2,"A",1.2,1,NA,NA,NA,NA,NA,NA,NA,NA,NA,NA,"1-2","","2024-06-11-RB Bragantino-Atletico Mineiro"
"365","BRA",2024-06-13,"Cruzeiro","Cuiaba",2,1,"H",1,1.6,3,2,0,0,6,4,6,4,9,12,"2-1","","2024-06-13-Cruzeiro-Cuiaba"
"366","BRA",2024-06-13,"Internacional","Sao Paulo",0,0,"D",0.2,0.7,5,4,0,0,0,4,5,3,15,18,"0-0","","2024-06-13-Internacional-Sao Paulo"
"367","BRA",2024-06-13,"Ath Paranaense","Criciuma",3,1,"H",2.6,1.4,0,1,0,0,7,4,5,3,9,12,"3-1","","2024-06-13-Ath Paranaense-Criciuma"
"368","BRA",2024-06-13,"Flamengo","Gremio",2,1,"H",1,1,2,4,0,0,6,5,4,6,9,10,"2-1","","2024-06-13-Flamengo-Gremio"
"369","BRA",2024-06-13,"Palmeiras","Vasco da Gama",2,0,"H",2.3,0.2,1,2,0,0,6,2,10,6,10,14,"2-0","Ramon Abatti","2024-06-13-Palmeiras-Vasco da Gama"
"370","BRA",2024-06-13,"Bahia","Fortaleza",1,0,"H",1.4,1.2,5,0,0,0,3,6,5,9,14,9,"1-0","","2024-06-13-Bahia-Fortaleza"
"371","BRA",2024-06-15,"RB Bragantino","Juventude",2,1,"H",0.5,2.1,NA,NA,NA,NA,NA,NA,NA,NA,NA,NA,"2-1","","2024-06-15-RB Bragantino-Juventude"
"372","BRA",2024-06-15,"Fluminense","Atl Goianiense",1,2,"A",0.7,1.8,4,1,0,0,5,7,3,3,10,12,"1-2","","2024-06-15-Fluminense-Atl Goianiense"
"373","BRA",2024-06-16,"Corinthians","Sao Paulo",2,2,"D",0.9,0.9,4,5,1,0,8,7,9,5,15,10,"2-2","","2024-06-16-Corinthians-Sao Paulo"
"374","BRA",2024-06-16,"Vitoria","Internacional",2,1,"H",1.5,1.2,1,5,0,0,3,5,4,2,6,16,"2-1","","2024-06-16-Vitoria-Internacional"
"375","BRA",2024-06-16,"Ath Paranaense","Flamengo",1,1,"D",1.8,0.6,3,3,1,0,2,6,5,9,11,11,"1-1","","2024-06-16-Ath Paranaense-Flamengo"
"376","BRA",2024-06-16,"Cuiaba","Fortaleza",5,0,"H",3.6,0.1,1,3,0,2,12,0,5,1,9,6,"5-0","","2024-06-16-Cuiaba-Fortaleza"
"377","BRA",2024-06-16,"Vasco da Gama","Cruzeiro",0,0,"D",1,0.2,2,4,0,0,4,2,5,5,11,11,"0-0","Rafael Klein","2024-06-16-Vasco da Gama-Cruzeiro"
"378","BRA",2024-06-16,"Criciuma","Bahia",2,2,"D",1.9,0.8,4,1,1,0,5,6,6,7,14,13,"2-2","","2024-06-16-Criciuma-Bahia"
"379","BRA",2024-06-16,"Gremio","Botafogo RJ",1,2,"A",1,0.7,3,3,0,0,3,5,7,4,12,11,"1-2","","2024-06-16-Gremio-Botafogo RJ"
"380","BRA",2024-06-17,"Atletico Mineiro","Palmeiras",0,4,"A",0.4,2.8,5,3,2,0,3,8,3,6,16,16,"0-4","","2024-06-17-Atletico Mineiro-Palmeiras"
