"","Div","Date","HomeTeam","AwayTeam","FTHG","FTAG","FTR","Home_xG","Away_xG","HY","AY","CS"
"1","MLS",2024-10-22,"CF Montreal","Atlanta Utd",2,2,"D",1.6,1.3,"Joe Dickerson","2024-10-22-CF Montreal-Atlanta Utd","2-2"
"2","MLS",2024-10-23,"Vancouver Wcaps","Portland Timbers",5,0,"H",2.3,0.7,"Rubiel Vazquez","2024-10-23-Vancouver Wcaps-Portland Timbers","5-0"
"3","MLS",2024-10-25,"Inter Miami","Atlanta Utd",2,1,"H",3.3,1,"Allen Chapman","2024-10-25-Inter Miami-Atlanta Utd","2-1"
"4","MLS",2024-10-26,"LA Galaxy","Colorado Rapids",5,0,"H",2.4,0,"Lukasz Szpala","2024-10-26-LA Galaxy-Colorado Rapids","5-0"
"5","MLS",2024-10-27,"LAFC","Vancouver Wcaps",2,1,"H",1.6,1.1,"Jair Marrufo","2024-10-27-LAFC-Vancouver Wcaps","2-1"
"6","MLS",2024-10-27,"Orlando City","Charlotte",2,0,"H",1.6,0.8,"Drew Fischer","2024-10-27-Orlando City-Charlotte","2-0"
"7","MLS",2024-10-28,"Seattle Sounders","Houston Dynamo",0,0,"D",1,0.5,"Ted Unkel","2024-10-28-Seattle Sounders-Houston Dynamo","0-0"
"8","MLS",2024-10-28,"FC Cincinnati","NYCFC",1,0,"H",3.3,0.3,"Serhiy Boyko","2024-10-28-FC Cincinnati-NYCFC","1-0"
"9","MLS",2024-10-29,"Columbus Crew","NY Red Bulls",0,1,"A",1.1,0.9,"Tim Ford","2024-10-29-Columbus Crew-NY Red Bulls","0-1"
"10","MLS",2024-10-29,"Real Salt Lake","Minnesota Utd",0,0,"D",1.3,1.2,"Pierre-Luc Lauziere","2024-10-29-Real Salt Lake-Minnesota Utd","0-0"
"11","MLS",2024-11-01,"Charlotte","Orlando City",0,0,"D",1.2,0.3,"Guido Gonzalez Jr.","2024-11-01-Charlotte-Orlando City","0-0"
"12","MLS",2024-11-01,"Colorado Rapids","LA Galaxy",1,4,"A",0.4,1.7,"Victor Rivas","2024-11-01-Colorado Rapids-LA Galaxy","1-4"
"13","MLS",2024-11-02,"NYCFC","FC Cincinnati",3,1,"H",2.7,1.5,"Ismir Pekmic","2024-11-02-NYCFC-FC Cincinnati","3-1"
"14","MLS",2024-11-02,"Atlanta Utd","Inter Miami",2,1,"H",1.4,1.5,"Rubiel Vazquez","2024-11-02-Atlanta Utd-Inter Miami","2-1"
"15","MLS",2024-11-02,"Minnesota Utd","Real Salt Lake",1,1,"D",1.7,0.8,"Tori Penso","2024-11-02-Minnesota Utd-Real Salt Lake","1-1"
"16","MLS",2024-11-03,"NY Red Bulls","Columbus Crew",2,2,"D",2,2.1,"Filip Dujic","2024-11-03-NY Red Bulls-Columbus Crew","2-2"
"17","MLS",2024-11-03,"Houston Dynamo","Seattle Sounders",1,1,"D",1.6,0.9,"Armando Villarreal","2024-11-03-Houston Dynamo-Seattle Sounders","1-1"
"18","MLS",2024-11-03,"Vancouver Wcaps","LAFC",3,0,"H",1.3,1.2,"Rosendo Mendoza","2024-11-03-Vancouver Wcaps-LAFC","3-0"
"19","MLS",2024-11-08,"LAFC","Vancouver Wcaps",1,0,"H",0.8,0.6,"Joe Dickerson","2024-11-08-LAFC-Vancouver Wcaps","1-0"
"20","MLS",2024-11-09,"FC Cincinnati","NYCFC",0,0,"D",1.2,0.3,"Drew Fischer","2024-11-09-FC Cincinnati-NYCFC","0-0"
"21","MLS",2024-11-09,"Orlando City","Charlotte",1,1,"D",2.4,0.6,"Ismir Pekmic","2024-11-09-Orlando City-Charlotte","1-1"
"22","MLS",2024-11-09,"Inter Miami","Atlanta Utd",2,3,"A",2.8,1.9,"Lukasz Szpala","2024-11-09-Inter Miami-Atlanta Utd","2-3"
"23","MLS",2024-11-23,"NYCFC","NY Red Bulls",0,2,"A",2.8,1,"Allen Chapman","2024-11-23-NYCFC-NY Red Bulls","0-2"
"24","MLS",2024-11-23,"LAFC","Seattle Sounders",1,2,"A",1.8,0.9,"Guido Gonzalez Jr.","2024-11-23-LAFC-Seattle Sounders","1-2"
"25","MLS",2024-11-24,"LA Galaxy","Minnesota Utd",6,2,"H",4.1,1.5,"Rosendo Mendoza","2024-11-24-LA Galaxy-Minnesota Utd","6-2"
"26","MLS",2024-11-24,"Orlando City","Atlanta Utd",1,0,"H",1.4,0.3,"Armando Villarreal","2024-11-24-Orlando City-Atlanta Utd","1-0"
"27","MLS",2024-11-30,"LA Galaxy","Seattle Sounders",1,0,"H",0.8,0.4,"Drew Fischer","2024-11-30-LA Galaxy-Seattle Sounders","1-0"
"28","MLS",2024-11-30,"Orlando City","NY Red Bulls",0,1,"A",0.9,0.8,"Rosendo Mendoza","2024-11-30-Orlando City-NY Red Bulls","0-1"
"29","MLS",2024-12-07,"LA Galaxy","NY Red Bulls",2,1,"H",2.1,1.1,"Guido Gonzalez Jr.","2024-12-07-LA Galaxy-NY Red Bulls","2-1"
"30","MLS",2024-02-21,"Inter Miami","Real Salt Lake",2,0,"H",1.4,0.8,"","2024-02-21-Inter Miami-Real Salt Lake","2-0"
"31","MLS",2024-02-24,"LAFC","Seattle Sounders",2,1,"H",1.5,1.8,"","2024-02-24-LAFC-Seattle Sounders","2-1"
"32","MLS",2024-02-24,"Columbus Crew","Atlanta Utd",1,0,"H",1.8,0.5,"","2024-02-24-Columbus Crew-Atlanta Utd","1-0"
"33","MLS",2024-02-24,"Austin","Minnesota Utd",1,2,"A",1.1,3,"","2024-02-24-Austin-Minnesota Utd","1-2"
"34","MLS",2024-02-24,"Orlando City","CF Montreal",0,0,"D",0.9,1,"","2024-02-24-Orlando City-CF Montreal","0-0"
"35","MLS",2024-02-24,"Portland Timbers","Colorado Rapids",4,1,"H",0.5,1.2,"","2024-02-24-Portland Timbers-Colorado Rapids","4-1"
"36","MLS",2024-02-24,"Houston Dynamo","Sporting KC",1,1,"D",1,0.2,"","2024-02-24-Houston Dynamo-Sporting KC","1-1"
"37","MLS",2024-02-24,"Philadelphia Union","Chicago Fire",2,2,"D",2.1,1.6,"","2024-02-24-Philadelphia Union-Chicago Fire","2-2"
"38","MLS",2024-02-24,"FC Dallas","SJ Earthquakes",2,1,"H",1,0.9,"","2024-02-24-FC Dallas-SJ Earthquakes","2-1"
"39","MLS",2024-02-24,"St. Louis","Real Salt Lake",1,1,"D",0.7,1.7,"","2024-02-24-St. Louis-Real Salt Lake","1-1"
"40","MLS",2024-02-24,"D.C. United","NE Revolution",3,1,"H",4.5,0.8,"","2024-02-24-D.C. United-NE Revolution","3-1"
"41","MLS",2024-02-24,"Charlotte","NYCFC",1,0,"H",2,0.5,"","2024-02-24-Charlotte-NYCFC","1-0"
"42","MLS",2024-02-25,"FC Cincinnati","Toronto FC",0,0,"D",0.9,0.5,"","2024-02-25-FC Cincinnati-Toronto FC","0-0"
"43","MLS",2024-02-25,"Nashville SC","NY Red Bulls",0,0,"D",0.1,1.4,"","2024-02-25-Nashville SC-NY Red Bulls","0-0"
"44","MLS",2024-02-25,"LA Galaxy","Inter Miami",1,1,"D",3.2,0.6,"","2024-02-25-LA Galaxy-Inter Miami","1-1"
"45","MLS",2024-04-27,"Austin","LA Galaxy",2,0,"H",1.1,0.5,"","2024-04-27-Austin-LA Galaxy","2-0"
"46","MLS",2024-04-27,"NY Red Bulls","Vancouver Wcaps",1,1,"D",1.2,1,"","2024-04-27-NY Red Bulls-Vancouver Wcaps","1-1"
"47","MLS",2024-04-27,"Columbus Crew","CF Montreal",0,0,"D",1.5,0.6,"","2024-04-27-Columbus Crew-CF Montreal","0-0"
"48","MLS",2024-04-27,"Philadelphia Union","Real Salt Lake",1,2,"A",1.8,0.5,"","2024-04-27-Philadelphia Union-Real Salt Lake","1-2"
"49","MLS",2024-04-27,"NE Revolution","Inter Miami",1,4,"A",0.4,2.8,"","2024-04-27-NE Revolution-Inter Miami","1-4"
"50","MLS",2024-04-27,"NYCFC","Charlotte",2,1,"H",1.4,1.1,"","2024-04-27-NYCFC-Charlotte","2-1"
"51","MLS",2024-04-27,"D.C. United","Seattle Sounders",2,1,"H",1.9,1.4,"","2024-04-27-D.C. United-Seattle Sounders","2-1"
"52","MLS",2024-04-27,"Orlando City","Toronto FC",1,2,"A",0.9,1.5,"","2024-04-27-Orlando City-Toronto FC","1-2"
"53","MLS",2024-04-27,"FC Cincinnati","Colorado Rapids",2,1,"H",2.1,0.7,"","2024-04-27-FC Cincinnati-Colorado Rapids","2-1"
"54","MLS",2024-04-27,"Chicago Fire","Atlanta Utd",0,0,"D",1,1.3,"","2024-04-27-Chicago Fire-Atlanta Utd","0-0"
"55","MLS",2024-04-27,"Minnesota Utd","Sporting KC",2,1,"H",2.3,1.4,"","2024-04-27-Minnesota Utd-Sporting KC","2-1"
"56","MLS",2024-04-27,"Nashville SC","SJ Earthquakes",1,1,"D",1,1.2,"","2024-04-27-Nashville SC-SJ Earthquakes","1-1"
"57","MLS",2024-04-27,"LAFC","Portland Timbers",3,2,"H",1.2,0.8,"","2024-04-27-LAFC-Portland Timbers","3-2"
"58","MLS",2024-04-27,"FC Dallas","Houston Dynamo",2,0,"H",2.3,0.1,"","2024-04-27-FC Dallas-Houston Dynamo","2-0"
"59","MLS",2024-05-04,"SJ Earthquakes","LAFC",3,1,"H",1.5,1.9,"","2024-05-04-SJ Earthquakes-LAFC","3-1"
"60","MLS",2024-05-04,"Toronto FC","FC Dallas",3,1,"H",1.4,0.4,"","2024-05-04-Toronto FC-FC Dallas","3-1"
"61","MLS",2024-05-04,"D.C. United","Philadelphia Union",2,2,"D",1.1,0.6,"","2024-05-04-D.C. United-Philadelphia Union","2-2"
"62","MLS",2024-05-04,"Inter Miami","NY Red Bulls",6,2,"H",2.8,1.5,"","2024-05-04-Inter Miami-NY Red Bulls","6-2"
"63","MLS",2024-05-04,"Charlotte","Portland Timbers",2,0,"H",1.4,0.4,"","2024-05-04-Charlotte-Portland Timbers","2-0"
"64","MLS",2024-05-04,"Atlanta Utd","Minnesota Utd",1,2,"A",1.7,0.5,"","2024-05-04-Atlanta Utd-Minnesota Utd","1-2"
"65","MLS",2024-05-04,"Orlando City","FC Cincinnati",0,1,"A",0.7,1,"","2024-05-04-Orlando City-FC Cincinnati","0-1"
"66","MLS",2024-05-04,"Real Salt Lake","Sporting KC",1,0,"H",0.9,0.3,"","2024-05-04-Real Salt Lake-Sporting KC","1-0"
"67","MLS",2024-05-04,"Chicago Fire","NE Revolution",0,1,"A",1.1,0.9,"","2024-05-04-Chicago Fire-NE Revolution","0-1"
"68","MLS",2024-05-04,"Vancouver Wcaps","Austin",0,0,"D",1.2,0.3,"","2024-05-04-Vancouver Wcaps-Austin","0-0"
"69","MLS",2024-05-04,"Nashville SC","CF Montreal",4,1,"H",2.7,0.8,"","2024-05-04-Nashville SC-CF Montreal","4-1"
"70","MLS",2024-05-04,"Houston Dynamo","St. Louis",0,0,"D",1.3,1,"","2024-05-04-Houston Dynamo-St. Louis","0-0"
"71","MLS",2024-05-05,"Seattle Sounders","LA Galaxy",0,0,"D",1.5,0.4,"","2024-05-05-Seattle Sounders-LA Galaxy","0-0"
"72","MLS",2024-05-05,"NYCFC","Colorado Rapids",0,2,"A",1.3,0.6,"","2024-05-05-NYCFC-Colorado Rapids","0-2"
"73","MLS",2024-05-11,"Philadelphia Union","Orlando City",2,3,"A",3.7,1.2,"","2024-05-11-Philadelphia Union-Orlando City","2-3"
"74","MLS",2024-05-11,"NY Red Bulls","NE Revolution",4,2,"H",3.4,1.2,"Jon Freemon","2024-05-11-NY Red Bulls-NE Revolution","4-2"
"75","MLS",2024-05-11,"Atlanta Utd","D.C. United",2,3,"A",1.3,2.3,"","2024-05-11-Atlanta Utd-D.C. United","2-3"
"76","MLS",2024-05-11,"Toronto FC","NYCFC",2,3,"A",1.9,2.4,"","2024-05-11-Toronto FC-NYCFC","2-3"
"77","MLS",2024-05-11,"CF Montreal","Inter Miami",2,3,"A",1.3,1.2,"","2024-05-11-CF Montreal-Inter Miami","2-3"
"78","MLS",2024-05-11,"Charlotte","Nashville SC",1,0,"H",0.4,0.1,"","2024-05-11-Charlotte-Nashville SC","1-0"
"79","MLS",2024-05-11,"LA Galaxy","Real Salt Lake",2,2,"D",2.8,1.4,"","2024-05-11-LA Galaxy-Real Salt Lake","2-2"
"80","MLS",2024-05-11,"FC Dallas","Austin",2,1,"H",1.4,2.1,"","2024-05-11-FC Dallas-Austin","2-1"
"81","MLS",2024-05-11,"Sporting KC","Houston Dynamo",1,2,"A",0.7,1.3,"","2024-05-11-Sporting KC-Houston Dynamo","1-2"
"82","MLS",2024-05-11,"St. Louis","Chicago Fire",3,1,"H",2.3,1,"","2024-05-11-St. Louis-Chicago Fire","3-1"
"83","MLS",2024-05-11,"Colorado Rapids","SJ Earthquakes",2,3,"A",1.9,1.1,"","2024-05-11-Colorado Rapids-SJ Earthquakes","2-3"
"84","MLS",2024-05-11,"LAFC","Vancouver Wcaps",3,0,"H",3.8,0.4,"","2024-05-11-LAFC-Vancouver Wcaps","3-0"
"85","MLS",2024-05-11,"Columbus Crew","FC Cincinnati",1,2,"A",0.8,1.2,"","2024-05-11-Columbus Crew-FC Cincinnati","1-2"
"86","MLS",2024-05-12,"Portland Timbers","Seattle Sounders",1,2,"A",0.7,0.4,"","2024-05-12-Portland Timbers-Seattle Sounders","1-2"
"87","MLS",2024-05-15,"FC Cincinnati","Atlanta Utd",1,0,"H",1.1,0.5,"","2024-05-15-FC Cincinnati-Atlanta Utd","1-0"
"88","MLS",2024-05-15,"D.C. United","NY Red Bulls",1,4,"A",2.8,2.3,"","2024-05-15-D.C. United-NY Red Bulls","1-4"
"89","MLS",2024-05-15,"Philadelphia Union","NYCFC",1,2,"A",2.1,1.3,"","2024-05-15-Philadelphia Union-NYCFC","1-2"
"90","MLS",2024-05-15,"Orlando City","Inter Miami",0,0,"D",0.7,0.6,"","2024-05-15-Orlando City-Inter Miami","0-0"
"91","MLS",2024-05-15,"CF Montreal","Columbus Crew",1,3,"A",1.8,2.5,"","2024-05-15-CF Montreal-Columbus Crew","1-3"
"92","MLS",2024-05-15,"Austin","Houston Dynamo",1,0,"H",1.4,1.3,"","2024-05-15-Austin-Houston Dynamo","1-0"
"93","MLS",2024-05-15,"Minnesota Utd","LA Galaxy",2,2,"D",2.5,1,"","2024-05-15-Minnesota Utd-LA Galaxy","2-2"
"94","MLS",2024-05-15,"Real Salt Lake","Seattle Sounders",2,0,"H",2.1,0.5,"Ismir Pekmic","2024-05-15-Real Salt Lake-Seattle Sounders","2-0"
"95","MLS",2024-05-15,"Chicago Fire","Charlotte",0,1,"A",1,0.5,"","2024-05-15-Chicago Fire-Charlotte","0-1"
"96","MLS",2024-05-15,"Portland Timbers","SJ Earthquakes",4,2,"H",2.8,1,"Pierre-Luc Lauziere","2024-05-15-Portland Timbers-SJ Earthquakes","4-2"
"97","MLS",2024-05-15,"Nashville SC","Toronto FC",2,0,"H",0.8,0.4,"","2024-05-15-Nashville SC-Toronto FC","2-0"
"98","MLS",2024-05-15,"Colorado Rapids","Vancouver Wcaps",1,0,"H",2.4,0.7,"","2024-05-15-Colorado Rapids-Vancouver Wcaps","1-0"
"99","MLS",2024-05-15,"St. Louis","LAFC",0,2,"A",1.2,1.7,"Joe Dickerson","2024-05-15-St. Louis-LAFC","0-2"
"100","MLS",2024-05-18,"Nashville SC","Atlanta Utd",1,1,"D",1.4,0.7,"","2024-05-18-Nashville SC-Atlanta Utd","1-1"
"101","MLS",2024-05-18,"Charlotte","LA Galaxy",0,0,"D",1.2,1.5,"","2024-05-18-Charlotte-LA Galaxy","0-0"
"102","MLS",2024-05-18,"NYCFC","NY Red Bulls",2,1,"H",1.2,1,"","2024-05-18-NYCFC-NY Red Bulls","2-1"
"103","MLS",2024-05-18,"Toronto FC","CF Montreal",5,1,"H",3.2,2.1,"","2024-05-18-Toronto FC-CF Montreal","5-1"
"104","MLS",2024-05-18,"FC Cincinnati","St. Louis",3,1,"H",3,0.6,"","2024-05-18-FC Cincinnati-St. Louis","3-1"
"105","MLS",2024-05-18,"NE Revolution","Philadelphia Union",0,3,"A",1.4,2.2,"","2024-05-18-NE Revolution-Philadelphia Union","0-3"
"106","MLS",2024-05-18,"Inter Miami","D.C. United",1,0,"H",1.1,1.1,"","2024-05-18-Inter Miami-D.C. United","1-0"
"107","MLS",2024-05-18,"Chicago Fire","Columbus Crew",1,3,"A",1.3,0.9,"","2024-05-18-Chicago Fire-Columbus Crew","1-3"
"108","MLS",2024-05-18,"Real Salt Lake","Colorado Rapids",5,3,"H",2.3,2.4,"","2024-05-18-Real Salt Lake-Colorado Rapids","5-3"
"109","MLS",2024-05-18,"SJ Earthquakes","Orlando City",0,1,"A",0.6,1.8,"","2024-05-18-SJ Earthquakes-Orlando City","0-1"
"110","MLS",2024-05-18,"Austin","Sporting KC",3,2,"H",2.4,1,"","2024-05-18-Austin-Sporting KC","3-2"
"111","MLS",2024-05-18,"Minnesota Utd","Portland Timbers",2,1,"H",2.3,1.4,"","2024-05-18-Minnesota Utd-Portland Timbers","2-1"
"112","MLS",2024-05-18,"Houston Dynamo","FC Dallas",1,1,"D",0.8,0.8,"","2024-05-18-Houston Dynamo-FC Dallas","1-1"
"113","MLS",2024-05-18,"Seattle Sounders","Vancouver Wcaps",1,1,"D",1,1,"","2024-05-18-Seattle Sounders-Vancouver Wcaps","1-1"
"114","MLS",2024-05-25,"CF Montreal","Nashville SC",0,0,"D",1.2,0.8,"","2024-05-25-CF Montreal-Nashville SC","0-0"
"115","MLS",2024-05-25,"Charlotte","Philadelphia Union",0,0,"D",1,0.9,"","2024-05-25-Charlotte-Philadelphia Union","0-0"
"116","MLS",2024-05-25,"NE Revolution","NYCFC",0,1,"A",0.7,1.5,"","2024-05-25-NE Revolution-NYCFC","0-1"
"117","MLS",2024-05-25,"Orlando City","Columbus Crew",0,2,"A",1.3,2.2,"","2024-05-25-Orlando City-Columbus Crew","0-2"
"118","MLS",2024-05-25,"Toronto FC","FC Cincinnati",3,4,"A",1.3,1.5,"","2024-05-25-Toronto FC-FC Cincinnati","3-4"
"119","MLS",2024-05-25,"Atlanta Utd","LAFC",0,1,"A",1.3,0.9,"","2024-05-25-Atlanta Utd-LAFC","0-1"
"120","MLS",2024-05-25,"D.C. United","Chicago Fire",1,1,"D",1.2,0.9,"","2024-05-25-D.C. United-Chicago Fire","1-1"
"121","MLS",2024-05-25,"Colorado Rapids","Minnesota Utd",3,3,"D",3.3,1.9,"","2024-05-25-Colorado Rapids-Minnesota Utd","3-3"
"122","MLS",2024-05-25,"LA Galaxy","Houston Dynamo",2,1,"H",1.1,1.9,"","2024-05-25-LA Galaxy-Houston Dynamo","2-1"
"123","MLS",2024-05-25,"Portland Timbers","Sporting KC",2,1,"H",2.1,0.2,"","2024-05-25-Portland Timbers-Sporting KC","2-1"
"124","MLS",2024-05-25,"SJ Earthquakes","Austin",1,1,"D",3.3,0.6,"","2024-05-25-SJ Earthquakes-Austin","1-1"
"125","MLS",2024-05-25,"St. Louis","Seattle Sounders",1,2,"A",1.5,1.3,"","2024-05-25-St. Louis-Seattle Sounders","1-2"
"126","MLS",2024-05-25,"Vancouver Wcaps","Inter Miami",1,2,"A",2.2,1.3,"","2024-05-25-Vancouver Wcaps-Inter Miami","1-2"
"127","MLS",2024-05-25,"FC Dallas","Real Salt Lake",3,3,"D",1.6,3.1,"","2024-05-25-FC Dallas-Real Salt Lake","3-3"
"128","MLS",2024-05-29,"NY Red Bulls","Charlotte",3,1,"H",1.4,0.6,"Chris Penso","2024-05-29-NY Red Bulls-Charlotte","3-1"
"129","MLS",2024-05-29,"Inter Miami","Atlanta Utd",1,3,"A",0.7,3.5,"","2024-05-29-Inter Miami-Atlanta Utd","1-3"
"130","MLS",2024-05-29,"FC Cincinnati","Nashville SC",0,2,"A",1.3,1,"","2024-05-29-FC Cincinnati-Nashville SC","0-2"
"131","MLS",2024-05-29,"CF Montreal","D.C. United",4,2,"H",2.4,1.4,"","2024-05-29-CF Montreal-D.C. United","4-2"
"132","MLS",2024-05-29,"Philadelphia Union","Toronto FC",0,0,"D",0.7,1.2,"","2024-05-29-Philadelphia Union-Toronto FC","0-0"
"133","MLS",2024-05-29,"Sporting KC","Vancouver Wcaps",1,2,"A",0.8,1.8,"","2024-05-29-Sporting KC-Vancouver Wcaps","1-2"
"134","MLS",2024-05-29,"Chicago Fire","Orlando City",1,1,"D",1,0.8,"","2024-05-29-Chicago Fire-Orlando City","1-1"
"135","MLS",2024-05-29,"Austin","Portland Timbers",0,2,"A",2.2,1.7,"","2024-05-29-Austin-Portland Timbers","0-2"
"136","MLS",2024-05-29,"Houston Dynamo","Colorado Rapids",3,1,"H",2.3,1.7,"","2024-05-29-Houston Dynamo-Colorado Rapids","3-1"
"137","MLS",2024-05-29,"Seattle Sounders","Real Salt Lake",1,1,"D",0.8,1.3,"","2024-05-29-Seattle Sounders-Real Salt Lake","1-1"
"138","MLS",2024-05-29,"LA Galaxy","FC Dallas",3,1,"H",3.6,0.6,"","2024-05-29-LA Galaxy-FC Dallas","3-1"
"139","MLS",2024-05-29,"LAFC","Minnesota Utd",2,0,"H",2.3,0.2,"","2024-05-29-LAFC-Minnesota Utd","2-0"
"140","MLS",2024-10-12,"Columbus Crew","NE Revolution",4,0,"H",3.3,0.3,"Filip Dujic","2024-10-12-Columbus Crew-NE Revolution","4-0"
"141","MLS",2024-05-31,"NYCFC","SJ Earthquakes",5,1,"H",2.7,1,"","2024-05-31-NYCFC-SJ Earthquakes","5-1"
"142","MLS",2024-06-01,"Inter Miami","St. Louis",3,3,"D",2.6,1.6,"","2024-06-01-Inter Miami-St. Louis","3-3"
"143","MLS",2024-06-01,"Philadelphia Union","CF Montreal",2,2,"D",2.7,1.1,"","2024-06-01-Philadelphia Union-CF Montreal","2-2"
"144","MLS",2024-06-01,"D.C. United","Toronto FC",2,2,"D",2.9,0.8,"","2024-06-01-D.C. United-Toronto FC","2-2"
"145","MLS",2024-06-01,"NY Red Bulls","Orlando City",1,0,"H",0.8,0.4,"","2024-06-01-NY Red Bulls-Orlando City","1-0"
"146","MLS",2024-06-01,"Real Salt Lake","Austin",5,1,"H",3.8,1.3,"","2024-06-01-Real Salt Lake-Austin","5-1"
"147","MLS",2024-06-01,"Chicago Fire","LA Galaxy",2,1,"H",1,1.5,"","2024-06-01-Chicago Fire-LA Galaxy","2-1"
"148","MLS",2024-06-01,"Minnesota Utd","Sporting KC",3,1,"H",1.6,0.7,"","2024-06-01-Minnesota Utd-Sporting KC","3-1"
"149","MLS",2024-06-01,"Vancouver Wcaps","Colorado Rapids",2,1,"H",2.3,1.5,"","2024-06-01-Vancouver Wcaps-Colorado Rapids","2-1"
"150","MLS",2024-06-01,"Nashville SC","NE Revolution",1,2,"A",3.2,0.7,"","2024-06-01-Nashville SC-NE Revolution","1-2"
"151","MLS",2024-06-01,"LAFC","FC Dallas",1,0,"H",1.5,0.4,"","2024-06-01-LAFC-FC Dallas","1-0"
"152","MLS",2024-06-01,"Portland Timbers","Houston Dynamo",2,2,"D",1.7,1,"","2024-06-01-Portland Timbers-Houston Dynamo","2-2"
"153","MLS",2024-06-02,"Atlanta Utd","Charlotte",2,3,"A",2.1,1,"","2024-06-02-Atlanta Utd-Charlotte","2-3"
"154","MLS",2024-09-07,"Columbus Crew","Seattle Sounders",0,4,"A",0.4,2,"Rosendo Mendoza","2024-09-07-Columbus Crew-Seattle Sounders","0-4"
"155","MLS",2024-06-08,"NE Revolution","NY Red Bulls",1,0,"H",0.9,1.1,"","2024-06-08-NE Revolution-NY Red Bulls","1-0"
"156","MLS",2024-06-08,"St. Louis","Portland Timbers",0,0,"D",1.1,0.6,"","2024-06-08-St. Louis-Portland Timbers","0-0"
"157","MLS",2024-06-08,"Sporting KC","Seattle Sounders",2,1,"H",0.7,1.1,"","2024-06-08-Sporting KC-Seattle Sounders","2-1"
"158","MLS",2024-06-08,"Minnesota Utd","FC Dallas",1,1,"D",0.6,0.3,"","2024-06-08-Minnesota Utd-FC Dallas","1-1"
"159","MLS",2024-06-14,"NYCFC","Columbus Crew",2,3,"A",2.2,3.6,"","2024-06-14-NYCFC-Columbus Crew","2-3"
"160","MLS",2024-06-15,"Orlando City","LAFC",1,3,"A",2,2.2,"","2024-06-15-Orlando City-LAFC","1-3"
"161","MLS",2024-06-15,"Philadelphia Union","Inter Miami",1,2,"A",1.9,1.2,"","2024-06-15-Philadelphia Union-Inter Miami","1-2"
"162","MLS",2024-06-15,"CF Montreal","Real Salt Lake",0,0,"D",1.1,0.9,"","2024-06-15-CF Montreal-Real Salt Lake","0-0"
"163","MLS",2024-06-15,"Atlanta Utd","Houston Dynamo",2,2,"D",1.8,1.5,"","2024-06-15-Atlanta Utd-Houston Dynamo","2-2"
"164","MLS",2024-06-15,"Charlotte","D.C. United",1,0,"H",1.7,0.2,"","2024-06-15-Charlotte-D.C. United","1-0"
"165","MLS",2024-06-15,"NE Revolution","Vancouver Wcaps",3,2,"H",1,0.7,"","2024-06-15-NE Revolution-Vancouver Wcaps","3-2"
"166","MLS",2024-06-15,"Toronto FC","Chicago Fire",1,4,"A",0.9,1.1,"","2024-06-15-Toronto FC-Chicago Fire","1-4"
"167","MLS",2024-06-15,"NY Red Bulls","Nashville SC",0,0,"D",1.9,0.3,"Guido Gonzalez Jr.","2024-06-15-NY Red Bulls-Nashville SC","0-0"
"168","MLS",2024-06-15,"Seattle Sounders","Minnesota Utd",2,0,"H",2.2,0.2,"","2024-06-15-Seattle Sounders-Minnesota Utd","2-0"
"169","MLS",2024-06-15,"SJ Earthquakes","FC Cincinnati",2,4,"A",2.9,1.9,"","2024-06-15-SJ Earthquakes-FC Cincinnati","2-4"
"170","MLS",2024-06-15,"FC Dallas","St. Louis",2,0,"H",1.3,1.6,"","2024-06-15-FC Dallas-St. Louis","2-0"
"171","MLS",2024-06-15,"LA Galaxy","Sporting KC",4,2,"H",3.2,2.6,"","2024-06-15-LA Galaxy-Sporting KC","4-2"
"172","MLS",2024-06-15,"Colorado Rapids","Austin",2,0,"H",1,0.6,"","2024-06-15-Colorado Rapids-Austin","2-0"
"173","MLS",2024-03-02,"Real Salt Lake","LAFC",3,0,"H",2.3,0.7,"","2024-03-02-Real Salt Lake-LAFC","3-0"
"174","MLS",2024-03-02,"Minnesota Utd","Columbus Crew",1,1,"D",0.8,1.4,"","2024-03-02-Minnesota Utd-Columbus Crew","1-1"
"175","MLS",2024-03-02,"Inter Miami","Orlando City",5,0,"H",2.8,0.8,"","2024-03-02-Inter Miami-Orlando City","5-0"
"176","MLS",2024-03-02,"Vancouver Wcaps","Charlotte",1,1,"D",1,1.3,"","2024-03-02-Vancouver Wcaps-Charlotte","1-1"
"177","MLS",2024-03-02,"Houston Dynamo","NY Red Bulls",1,2,"A",1.2,1,"","2024-03-02-Houston Dynamo-NY Red Bulls","1-2"
"178","MLS",2024-03-02,"Chicago Fire","FC Cincinnati",1,2,"A",1,0.9,"","2024-03-02-Chicago Fire-FC Cincinnati","1-2"
"179","MLS",2024-03-02,"St. Louis","NYCFC",2,0,"H",0.8,0.5,"","2024-03-02-St. Louis-NYCFC","2-0"
"180","MLS",2024-03-02,"FC Dallas","CF Montreal",1,2,"A",0.9,1.3,"","2024-03-02-FC Dallas-CF Montreal","1-2"
"181","MLS",2024-03-02,"Portland Timbers","D.C. United",2,2,"D",0.8,2,"","2024-03-02-Portland Timbers-D.C. United","2-2"
"182","MLS",2024-03-02,"Sporting KC","Philadelphia Union",1,1,"D",0.9,0.5,"","2024-03-02-Sporting KC-Philadelphia Union","1-1"
"183","MLS",2024-03-02,"Seattle Sounders","Austin",0,0,"D",1.2,0,"","2024-03-02-Seattle Sounders-Austin","0-0"
"184","MLS",2024-03-02,"Colorado Rapids","Nashville SC",1,1,"D",0.6,1.5,"","2024-03-02-Colorado Rapids-Nashville SC","1-1"
"185","MLS",2024-03-02,"SJ Earthquakes","LA Galaxy",1,3,"A",0.8,1.6,"","2024-03-02-SJ Earthquakes-LA Galaxy","1-3"
"186","MLS",2024-03-03,"NE Revolution","Toronto FC",0,1,"A",1.8,0.7,"","2024-03-03-NE Revolution-Toronto FC","0-1"
"187","MLS",2024-06-19,"Inter Miami","Columbus Crew",2,1,"H",1.1,1.6,"","2024-06-19-Inter Miami-Columbus Crew","2-1"
"188","MLS",2024-06-19,"Toronto FC","Nashville SC",1,2,"A",1.9,0.8,"","2024-06-19-Toronto FC-Nashville SC","1-2"
"189","MLS",2024-06-19,"D.C. United","Atlanta Utd",0,1,"A",1.2,0.9,"","2024-06-19-D.C. United-Atlanta Utd","0-1"
"190","MLS",2024-06-19,"Charlotte","Orlando City",2,2,"D",0.9,1.9,"","2024-06-19-Charlotte-Orlando City","2-2"
"191","MLS",2024-06-19,"CF Montreal","NY Red Bulls",2,2,"D",2,2.4,"","2024-06-19-CF Montreal-NY Red Bulls","2-2"
"192","MLS",2024-06-19,"Houston Dynamo","Seattle Sounders",2,2,"D",3.2,1,"","2024-06-19-Houston Dynamo-Seattle Sounders","2-2"
"193","MLS",2024-06-19,"Sporting KC","Real Salt Lake",3,4,"A",2.7,2.7,"","2024-06-19-Sporting KC-Real Salt Lake","3-4"
"194","MLS",2024-06-19,"SJ Earthquakes","Portland Timbers",1,2,"A",1.4,2.2,"","2024-06-19-SJ Earthquakes-Portland Timbers","1-2"
"195","MLS",2024-06-19,"St. Louis","Colorado Rapids",0,3,"A",1.7,3.4,"","2024-06-19-St. Louis-Colorado Rapids","0-3"
"196","MLS",2024-06-19,"Austin","LAFC",1,1,"D",0.3,1,"","2024-06-19-Austin-LAFC","1-1"
"197","MLS",2024-06-19,"FC Dallas","Minnesota Utd",5,3,"H",1.7,3.2,"","2024-06-19-FC Dallas-Minnesota Utd","5-3"
"198","MLS",2024-06-19,"LA Galaxy","NYCFC",2,0,"H",1.7,0.8,"","2024-06-19-LA Galaxy-NYCFC","2-0"
"199","MLS",2024-06-19,"FC Cincinnati","Philadelphia Union",4,3,"H",2.2,1.2,"","2024-06-19-FC Cincinnati-Philadelphia Union","4-3"
"200","MLS",2024-06-22,"FC Cincinnati","NE Revolution",1,2,"A",1.2,0.5,"","2024-06-22-FC Cincinnati-NE Revolution","1-2"
"201","MLS",2024-06-22,"Philadelphia Union","Charlotte",0,2,"A",1,2.6,"","2024-06-22-Philadelphia Union-Charlotte","0-2"
"202","MLS",2024-06-22,"Columbus Crew","Sporting KC",4,0,"H",2,0.2,"","2024-06-22-Columbus Crew-Sporting KC","4-0"
"203","MLS",2024-06-22,"D.C. United","Houston Dynamo",1,4,"A",1.6,2.1,"","2024-06-22-D.C. United-Houston Dynamo","1-4"
"204","MLS",2024-06-22,"NY Red Bulls","Toronto FC",3,0,"H",1.6,0.2,"","2024-06-22-NY Red Bulls-Toronto FC","3-0"
"205","MLS",2024-06-22,"Orlando City","Chicago Fire",4,2,"H",2.3,3,"","2024-06-22-Orlando City-Chicago Fire","4-2"
"206","MLS",2024-06-22,"Nashville SC","NYCFC",1,0,"H",1.3,1.3,"","2024-06-22-Nashville SC-NYCFC","1-0"
"207","MLS",2024-06-22,"Portland Timbers","Vancouver Wcaps",2,0,"H",1.5,0.8,"","2024-06-22-Portland Timbers-Vancouver Wcaps","2-0"
"208","MLS",2024-06-22,"Colorado Rapids","CF Montreal",4,1,"H",3.1,0.3,"","2024-06-22-Colorado Rapids-CF Montreal","4-1"
"209","MLS",2024-06-22,"Minnesota Utd","Austin",0,1,"A",0.6,0.6,"","2024-06-22-Minnesota Utd-Austin","0-1"
"210","MLS",2024-06-22,"St. Louis","Atlanta Utd",1,1,"D",1.1,1.5,"","2024-06-22-St. Louis-Atlanta Utd","1-1"
"211","MLS",2024-06-22,"Seattle Sounders","FC Dallas",3,2,"H",2,0.8,"","2024-06-22-Seattle Sounders-FC Dallas","3-2"
"212","MLS",2024-06-22,"LAFC","SJ Earthquakes",6,2,"H",3,1.3,"","2024-06-22-LAFC-SJ Earthquakes","6-2"
"213","MLS",2024-06-22,"Real Salt Lake","LA Galaxy",0,1,"A",1,0.8,"","2024-06-22-Real Salt Lake-LA Galaxy","0-1"
"214","MLS",2024-06-28,"NYCFC","Orlando City",4,2,"H",1.8,1.2,"","2024-06-28-NYCFC-Orlando City","4-2"
"215","MLS",2024-06-29,"Atlanta Utd","Toronto FC",2,1,"H",1.3,1.2,"","2024-06-29-Atlanta Utd-Toronto FC","2-1"
"216","MLS",2024-06-29,"NE Revolution","Columbus Crew",1,5,"A",1.4,2.6,"","2024-06-29-NE Revolution-Columbus Crew","1-5"
"217","MLS",2024-06-29,"CF Montreal","Philadelphia Union",4,2,"H",2.1,0.9,"","2024-06-29-CF Montreal-Philadelphia Union","4-2"
"218","MLS",2024-06-29,"NY Red Bulls","D.C. United",2,2,"D",1.8,0.6,"","2024-06-29-NY Red Bulls-D.C. United","2-2"
"219","MLS",2024-06-29,"Sporting KC","Austin",2,0,"H",1.8,0.5,"","2024-06-29-Sporting KC-Austin","2-0"
"220","MLS",2024-06-29,"SJ Earthquakes","LA Galaxy",0,3,"A",1.9,2.3,"","2024-06-29-SJ Earthquakes-LA Galaxy","0-3"
"221","MLS",2024-06-29,"Portland Timbers","Minnesota Utd",3,2,"H",4,1.7,"","2024-06-29-Portland Timbers-Minnesota Utd","3-2"
"222","MLS",2024-06-29,"Seattle Sounders","Chicago Fire",2,1,"H",2.3,1.7,"","2024-06-29-Seattle Sounders-Chicago Fire","2-1"
"223","MLS",2024-06-29,"Houston Dynamo","Charlotte",1,0,"H",1.4,1,"","2024-06-29-Houston Dynamo-Charlotte","1-0"
"224","MLS",2024-06-29,"Nashville SC","Inter Miami",1,2,"A",1.4,0.9,"","2024-06-29-Nashville SC-Inter Miami","1-2"
"225","MLS",2024-06-29,"LAFC","Colorado Rapids",3,0,"H",2.8,0.7,"","2024-06-29-LAFC-Colorado Rapids","3-0"
"226","MLS",2024-06-29,"Vancouver Wcaps","St. Louis",4,3,"H",1.5,1.9,"","2024-06-29-Vancouver Wcaps-St. Louis","4-3"
"227","MLS",2024-06-29,"FC Dallas","FC Cincinnati",0,1,"A",1,1.1,"","2024-06-29-FC Dallas-FC Cincinnati","0-1"
"228","MLS",2024-07-03,"Toronto FC","Orlando City",1,2,"A",1.1,1.3,"","2024-07-03-Toronto FC-Orlando City","1-2"
"229","MLS",2024-07-03,"Charlotte","Inter Miami",1,2,"A",1.5,1.7,"","2024-07-03-Charlotte-Inter Miami","1-2"
"230","MLS",2024-07-03,"NYCFC","CF Montreal",2,0,"H",2.6,0.9,"","2024-07-03-NYCFC-CF Montreal","2-0"
"231","MLS",2024-07-03,"D.C. United","FC Cincinnati",2,3,"A",1.1,1.3,"","2024-07-03-D.C. United-FC Cincinnati","2-3"
"232","MLS",2024-07-03,"Chicago Fire","Philadelphia Union",4,3,"H",3.2,1.3,"","2024-07-03-Chicago Fire-Philadelphia Union","4-3"
"233","MLS",2024-07-03,"Real Salt Lake","Houston Dynamo",3,2,"H",3.6,0.7,"","2024-07-03-Real Salt Lake-Houston Dynamo","3-2"
"234","MLS",2024-07-03,"St. Louis","SJ Earthquakes",2,0,"H",3.3,0.3,"","2024-07-03-St. Louis-SJ Earthquakes","2-0"
"235","MLS",2024-07-03,"Minnesota Utd","Vancouver Wcaps",1,3,"A",2.9,1.4,"","2024-07-03-Minnesota Utd-Vancouver Wcaps","1-3"
"236","MLS",2024-07-03,"NE Revolution","Atlanta Utd",2,1,"H",1.4,1.9,"","2024-07-03-NE Revolution-Atlanta Utd","2-1"
"237","MLS",2024-07-03,"Columbus Crew","Nashville SC",2,0,"H",2.3,0.8,"","2024-07-03-Columbus Crew-Nashville SC","2-0"
"238","MLS",2024-07-04,"FC Dallas","Portland Timbers",3,2,"H",1.2,1.5,"","2024-07-04-FC Dallas-Portland Timbers","3-2"
"239","MLS",2024-07-04,"Colorado Rapids","Sporting KC",2,1,"H",2.5,1.3,"","2024-07-04-Colorado Rapids-Sporting KC","2-1"
"240","MLS",2024-07-04,"LA Galaxy","LAFC",1,2,"A",0.9,2.5,"","2024-07-04-LA Galaxy-LAFC","1-2"
"241","MLS",2024-07-06,"CF Montreal","Vancouver Wcaps",1,1,"D",0.9,1.4,"","2024-07-06-CF Montreal-Vancouver Wcaps","1-1"
"242","MLS",2024-07-06,"Columbus Crew","Toronto FC",4,0,"H",2,0.4,"","2024-07-06-Columbus Crew-Toronto FC","4-0"
"243","MLS",2024-07-06,"FC Cincinnati","Inter Miami",6,1,"H",3.7,1.2,"","2024-07-06-FC Cincinnati-Inter Miami","6-1"
"244","MLS",2024-07-06,"Orlando City","D.C. United",5,0,"H",2.3,0.3,"","2024-07-06-Orlando City-D.C. United","5-0"
"245","MLS",2024-07-06,"Philadelphia Union","NY Red Bulls",0,0,"D",2.5,3.1,"","2024-07-06-Philadelphia Union-NY Red Bulls","0-0"
"246","MLS",2024-07-06,"Seattle Sounders","NE Revolution",2,0,"H",0.8,0.7,"","2024-07-06-Seattle Sounders-NE Revolution","2-0"
"247","MLS",2024-07-06,"Real Salt Lake","Atlanta Utd",5,2,"H",1.7,1.3,"","2024-07-06-Real Salt Lake-Atlanta Utd","5-2"
"248","MLS",2024-07-06,"Austin","NYCFC",2,1,"H",1.1,2.3,"","2024-07-06-Austin-NYCFC","2-1"
"249","MLS",2024-07-07,"SJ Earthquakes","Chicago Fire",1,0,"H",1.3,1.3,"","2024-07-07-SJ Earthquakes-Chicago Fire","1-0"
"250","MLS",2024-07-07,"Sporting KC","FC Dallas",3,2,"H",2.3,1.8,"","2024-07-07-Sporting KC-FC Dallas","3-2"
"251","MLS",2024-07-07,"LA Galaxy","Minnesota Utd",2,1,"H",2.5,1.2,"","2024-07-07-LA Galaxy-Minnesota Utd","2-1"
"252","MLS",2024-07-07,"Portland Timbers","Nashville SC",4,1,"H",3.2,2.1,"","2024-07-07-Portland Timbers-Nashville SC","4-1"
"253","MLS",2024-07-07,"Colorado Rapids","St. Louis",4,1,"H",2.1,1,"","2024-07-07-Colorado Rapids-St. Louis","4-1"
"254","MLS",2024-09-07,"Houston Dynamo","LAFC",0,0,"D",1.1,0.3,"Guido Gonzalez Jr.","2024-09-07-Houston Dynamo-LAFC","0-0"
"255","MLS",2024-07-13,"Portland Timbers","Real Salt Lake",3,0,"H",1.6,0.6,"","2024-07-13-Portland Timbers-Real Salt Lake","3-0"
"256","MLS",2024-07-13,"FC Cincinnati","Charlotte",1,3,"A",2.1,1.7,"","2024-07-13-FC Cincinnati-Charlotte","1-3"
"257","MLS",2024-07-13,"Toronto FC","Philadelphia Union",2,1,"H",0.9,1,"","2024-07-13-Toronto FC-Philadelphia Union","2-1"
"258","MLS",2024-07-13,"D.C. United","Nashville SC",2,1,"H",2.1,0.7,"Filip Dujic","2024-07-13-D.C. United-Nashville SC","2-1"
"259","MLS",2024-07-13,"NE Revolution","Orlando City",1,3,"A",1,1.2,"","2024-07-13-NE Revolution-Orlando City","1-3"
"260","MLS",2024-07-13,"CF Montreal","Atlanta Utd",1,0,"H",2.1,0.4,"Ted Unkel","2024-07-13-CF Montreal-Atlanta Utd","1-0"
"261","MLS",2024-07-13,"SJ Earthquakes","Sporting KC",1,2,"A",0.7,0.9,"","2024-07-13-SJ Earthquakes-Sporting KC","1-2"
"262","MLS",2024-07-13,"FC Dallas","LA Galaxy",2,0,"H",1.3,0.4,"","2024-07-13-FC Dallas-LA Galaxy","2-0"
"263","MLS",2024-07-13,"LAFC","Columbus Crew",1,5,"A",1.3,2.1,"","2024-07-13-LAFC-Columbus Crew","1-5"
"264","MLS",2024-07-13,"Austin","Seattle Sounders",0,1,"A",0.6,0.8,"","2024-07-13-Austin-Seattle Sounders","0-1"
"265","MLS",2024-07-13,"Chicago Fire","NYCFC",0,0,"D",0.9,0.8,"Rosendo Mendoza","2024-07-13-Chicago Fire-NYCFC","0-0"
"266","MLS",2024-07-13,"St. Louis","Vancouver Wcaps",1,4,"A",1.3,2.7,"Pierre-Luc Lauziere","2024-07-13-St. Louis-Vancouver Wcaps","1-4"
"267","MLS",2024-07-13,"Colorado Rapids","NY Red Bulls",1,1,"D",1.9,1.6,"Tim Ford","2024-07-13-Colorado Rapids-NY Red Bulls","1-1"
"268","MLS",2024-07-13,"Houston Dynamo","Minnesota Utd",1,1,"D",0.9,0.6,"Jon Freemon","2024-07-13-Houston Dynamo-Minnesota Utd","1-1"
"269","MLS",2024-07-17,"Atlanta Utd","NYCFC",2,2,"D",1.4,1.5,"","2024-07-17-Atlanta Utd-NYCFC","2-2"
"270","MLS",2024-07-17,"Philadelphia Union","NE Revolution",5,1,"H",2.3,0.1,"Rubiel Vazquez","2024-07-17-Philadelphia Union-NE Revolution","5-1"
"271","MLS",2024-07-17,"Inter Miami","Toronto FC",3,1,"H",1.4,0.8,"Jair Marrufo","2024-07-17-Inter Miami-Toronto FC","3-1"
"272","MLS",2024-07-17,"Columbus Crew","Charlotte",1,1,"D",1.8,2.1,"","2024-07-17-Columbus Crew-Charlotte","1-1"
"273","MLS",2024-07-17,"FC Cincinnati","Chicago Fire",0,1,"A",1.5,1.6,"","2024-07-17-FC Cincinnati-Chicago Fire","0-1"
"274","MLS",2024-07-17,"NY Red Bulls","CF Montreal",2,2,"D",1.9,1.3,"","2024-07-17-NY Red Bulls-CF Montreal","2-2"
"275","MLS",2024-07-17,"Seattle Sounders","St. Louis",2,0,"H",1.7,0.7,"","2024-07-17-Seattle Sounders-St. Louis","2-0"
"276","MLS",2024-07-17,"SJ Earthquakes","Houston Dynamo",0,1,"A",0.7,1.3,"","2024-07-17-SJ Earthquakes-Houston Dynamo","0-1"
"277","MLS",2024-07-17,"Minnesota Utd","D.C. United",2,3,"A",0.6,1.3,"","2024-07-17-Minnesota Utd-D.C. United","2-3"
"278","MLS",2024-07-17,"Vancouver Wcaps","Sporting KC",2,1,"H",1.3,1.3,"Marcos de Oliveira","2024-07-17-Vancouver Wcaps-Sporting KC","2-1"
"279","MLS",2024-07-17,"Nashville SC","Orlando City",0,3,"A",0.3,1.3,"Pierre-Luc Lauziere","2024-07-17-Nashville SC-Orlando City","0-3"
"280","MLS",2024-07-17,"LA Galaxy","Colorado Rapids",3,2,"H",2,2.3,"","2024-07-17-LA Galaxy-Colorado Rapids","3-2"
"281","MLS",2024-07-17,"FC Dallas","Austin",3,1,"H",2.1,0.7,"Armando Villarreal","2024-07-17-FC Dallas-Austin","3-1"
"282","MLS",2024-07-17,"LAFC","Real Salt Lake",1,1,"D",0.8,1.4,"Guido Gonzalez Jr.","2024-07-17-LAFC-Real Salt Lake","1-1"
"283","MLS",2024-07-20,"Philadelphia Union","Nashville SC",3,0,"H",4.3,1.7,"","2024-07-20-Philadelphia Union-Nashville SC","3-0"
"284","MLS",2024-07-20,"Inter Miami","Chicago Fire",2,1,"H",2.3,0.7,"Marcos de Oliveira","2024-07-20-Inter Miami-Chicago Fire","2-1"
"285","MLS",2024-07-20,"Atlanta Utd","Columbus Crew",2,1,"H",2,1.8,"Rosendo Mendoza","2024-07-20-Atlanta Utd-Columbus Crew","2-1"
"286","MLS",2024-07-20,"NE Revolution","FC Dallas",1,1,"D",1,1.2,"","2024-07-20-NE Revolution-FC Dallas","1-1"
"287","MLS",2024-07-20,"NY Red Bulls","FC Cincinnati",3,1,"H",1.9,0.5,"Ted Unkel","2024-07-20-NY Red Bulls-FC Cincinnati","3-1"
"288","MLS",2024-07-20,"Orlando City","NYCFC",1,1,"D",0.6,1.3,"Joe Dickerson","2024-07-20-Orlando City-NYCFC","1-1"
"289","MLS",2024-07-20,"CF Montreal","Toronto FC",0,1,"A",1.2,1.2,"Armando Villarreal","2024-07-20-CF Montreal-Toronto FC","0-1"
"290","MLS",2024-07-20,"Vancouver Wcaps","Houston Dynamo",3,4,"A",3.3,1.2,"","2024-07-20-Vancouver Wcaps-Houston Dynamo","3-4"
"291","MLS",2024-07-20,"Colorado Rapids","Real Salt Lake",3,2,"H",2.2,0.7,"Ramy Touchan","2024-07-20-Colorado Rapids-Real Salt Lake","3-2"
"292","MLS",2024-07-20,"Sporting KC","St. Louis",1,1,"D",2.2,0.8,"","2024-07-20-Sporting KC-St. Louis","1-1"
"293","MLS",2024-07-20,"Seattle Sounders","LAFC",0,3,"A",1.9,1.6,"Allen Chapman","2024-07-20-Seattle Sounders-LAFC","0-3"
"294","MLS",2024-07-20,"Austin","Charlotte",2,2,"D",1.8,2.3,"Jon Freemon","2024-07-20-Austin-Charlotte","2-2"
"295","MLS",2024-07-20,"Minnesota Utd","SJ Earthquakes",2,0,"H",1.8,1.4,"Ismir Pekmic","2024-07-20-Minnesota Utd-SJ Earthquakes","2-0"
"296","MLS",2024-07-20,"LA Galaxy","Portland Timbers",3,2,"H",1.8,1.2,"Serhiy Boyko","2024-07-20-LA Galaxy-Portland Timbers","3-2"
"297","MLS",2024-08-24,"Minnesota Utd","Seattle Sounders",2,3,"A",2.1,1.5,"","2024-08-24-Minnesota Utd-Seattle Sounders","2-3"
"298","MLS",2024-08-24,"NYCFC","Chicago Fire",2,2,"D",1.3,1.6,"","2024-08-24-NYCFC-Chicago Fire","2-2"
"299","MLS",2024-08-24,"Charlotte","NY Red Bulls",1,1,"D",1.2,2.1,"Drew Fischer","2024-08-24-Charlotte-NY Red Bulls","1-1"
"300","MLS",2024-08-24,"Inter Miami","FC Cincinnati",2,0,"H",0.5,1.4,"","2024-08-24-Inter Miami-FC Cincinnati","2-0"
"301","MLS",2024-08-24,"D.C. United","FC Dallas",3,4,"A",1.4,2.6,"Serhiy Boyko","2024-08-24-D.C. United-FC Dallas","3-4"
"302","MLS",2024-08-24,"CF Montreal","NE Revolution",0,5,"A",0.9,2.3,"","2024-08-24-CF Montreal-NE Revolution","0-5"
"303","MLS",2024-08-24,"Portland Timbers","St. Louis",4,4,"D",4.2,1.5,"Ramy Touchan","2024-08-24-Portland Timbers-St. Louis","4-4"
"304","MLS",2024-08-24,"Nashville SC","Austin",0,2,"A",1.9,2.1,"Rosendo Mendoza","2024-08-24-Nashville SC-Austin","0-2"
"305","MLS",2024-08-24,"Real Salt Lake","SJ Earthquakes",0,2,"A",0.7,2,"","2024-08-24-Real Salt Lake-SJ Earthquakes","0-2"
"306","MLS",2024-08-24,"Sporting KC","Orlando City",3,0,"H",1.1,1.3,"Tim Ford","2024-08-24-Sporting KC-Orlando City","3-0"
"307","MLS",2024-08-24,"LA Galaxy","Atlanta Utd",2,0,"H",4.1,1,"","2024-08-24-LA Galaxy-Atlanta Utd","2-0"
"308","MLS",2024-08-24,"Houston Dynamo","Toronto FC",0,1,"A",1.2,0.6,"Ted Unkel","2024-08-24-Houston Dynamo-Toronto FC","0-1"
"309","MLS",2024-08-28,"Philadelphia Union","Columbus Crew",0,1,"A",1.2,1.3,"Ismir Pekmic","2024-08-28-Philadelphia Union-Columbus Crew","0-1"
"310","MLS",2024-10-13,"Vancouver Wcaps","LAFC",1,2,"A",1.1,0.9,"Drew Fischer","2024-10-13-Vancouver Wcaps-LAFC","1-2"
"311","MLS",2024-08-31,"NY Red Bulls","Philadelphia Union",0,2,"A",1.6,2.4,"Jair Marrufo","2024-08-31-NY Red Bulls-Philadelphia Union","0-2"
"312","MLS",2024-08-31,"Toronto FC","D.C. United",1,3,"A",0.6,1.7,"Marcos de Oliveira","2024-08-31-Toronto FC-D.C. United","1-3"
"313","MLS",2024-08-31,"Charlotte","Atlanta Utd",0,1,"A",0.9,1.8,"Alexis Da Silva","2024-08-31-Charlotte-Atlanta Utd","0-1"
"314","MLS",2024-08-31,"Orlando City","Nashville SC",3,0,"H",2,1.9,"Victor Rivas","2024-08-31-Orlando City-Nashville SC","3-0"
"315","MLS",2024-08-31,"Columbus Crew","NYCFC",4,2,"H",2.9,1.7,"Ted Unkel","2024-08-31-Columbus Crew-NYCFC","4-2"
"316","MLS",2024-08-31,"FC Cincinnati","CF Montreal",4,1,"H",1,1.1,"Jon Freemon","2024-08-31-FC Cincinnati-CF Montreal","4-1"
"317","MLS",2024-08-31,"Portland Timbers","Seattle Sounders",1,0,"H",1.1,0.8,"Lukasz Szpala","2024-08-31-Portland Timbers-Seattle Sounders","1-0"
"318","MLS",2024-08-31,"Chicago Fire","Inter Miami",1,4,"A",1.4,2.2,"Pierre-Luc Lauziere","2024-08-31-Chicago Fire-Inter Miami","1-4"
"319","MLS",2024-08-31,"LAFC","Houston Dynamo",0,2,"A",1,2,"Armando Villarreal","2024-08-31-LAFC-Houston Dynamo","0-2"
"320","MLS",2024-08-31,"Real Salt Lake","NE Revolution",2,0,"H",2.6,0.7,"Fotis Bazakos","2024-08-31-Real Salt Lake-NE Revolution","2-0"
"321","MLS",2024-08-31,"SJ Earthquakes","Minnesota Utd",1,2,"A",0.6,2,"Sergii Demianchuk","2024-08-31-SJ Earthquakes-Minnesota Utd","1-2"
"322","MLS",2024-08-31,"Austin","Vancouver Wcaps",0,1,"A",0.6,0.9,"Mark Allatin","2024-08-31-Austin-Vancouver Wcaps","0-1"
"323","MLS",2024-08-31,"FC Dallas","Colorado Rapids",2,3,"A",2.6,2.2,"Ricardo Montero","2024-08-31-FC Dallas-Colorado Rapids","2-3"
"324","MLS",2024-09-01,"St. Louis","LA Galaxy",2,1,"H",0.7,0.7,"Joe Dickerson","2024-09-01-St. Louis-LA Galaxy","2-1"
"325","MLS",2024-03-09,"Toronto FC","Charlotte",1,0,"H",0.5,0.9,"","2024-03-09-Toronto FC-Charlotte","1-0"
"326","MLS",2024-03-09,"NYCFC","Portland Timbers",1,2,"A",1.3,0.9,"","2024-03-09-NYCFC-Portland Timbers","1-2"
"327","MLS",2024-03-09,"SJ Earthquakes","Vancouver Wcaps",0,2,"A",0.6,0.7,"","2024-03-09-SJ Earthquakes-Vancouver Wcaps","0-2"
"328","MLS",2024-03-09,"Real Salt Lake","Colorado Rapids",1,2,"A",1.4,1.6,"","2024-03-09-Real Salt Lake-Colorado Rapids","1-2"
"329","MLS",2024-03-09,"Austin","St. Louis",2,2,"D",1,2,"","2024-03-09-Austin-St. Louis","2-2"
"330","MLS",2024-03-09,"Columbus Crew","Chicago Fire",2,1,"H",1.3,1.9,"","2024-03-09-Columbus Crew-Chicago Fire","2-1"
"331","MLS",2024-03-09,"Orlando City","Minnesota Utd",2,3,"A",4.1,1.4,"","2024-03-09-Orlando City-Minnesota Utd","2-3"
"332","MLS",2024-03-09,"Atlanta Utd","NE Revolution",4,1,"H",3.2,0.7,"","2024-03-09-Atlanta Utd-NE Revolution","4-1"
"333","MLS",2024-03-09,"NY Red Bulls","FC Dallas",2,1,"H",2,0.7,"","2024-03-09-NY Red Bulls-FC Dallas","2-1"
"334","MLS",2024-03-09,"LAFC","Sporting KC",0,0,"D",1.5,0.6,"","2024-03-09-LAFC-Sporting KC","0-0"
"335","MLS",2024-03-10,"Nashville SC","LA Galaxy",2,2,"D",1.3,1.9,"","2024-03-10-Nashville SC-LA Galaxy","2-2"
"336","MLS",2024-03-10,"FC Cincinnati","D.C. United",0,0,"D",1.7,0.5,"","2024-03-10-FC Cincinnati-D.C. United","0-0"
"337","MLS",2024-03-10,"Inter Miami","CF Montreal",2,3,"A",2.7,2,"","2024-03-10-Inter Miami-CF Montreal","2-3"
"338","MLS",2024-04-30,"Philadelphia Union","Seattle Sounders",2,3,"A",1.2,2.2,"","2024-04-30-Philadelphia Union-Seattle Sounders","2-3"
"339","MLS",2024-09-07,"NY Red Bulls","Sporting KC",1,1,"D",1.4,0.9,"Ramy Touchan","2024-09-07-NY Red Bulls-Sporting KC","1-1"
"340","MLS",2024-09-07,"NE Revolution","St. Louis",2,2,"D",0.9,1.5,"Tim Ford","2024-09-07-NE Revolution-St. Louis","2-2"
"341","MLS",2024-09-07,"Chicago Fire","D.C. United",1,2,"A",0.5,0.9,"Fotis Bazakos","2024-09-07-Chicago Fire-D.C. United","1-2"
"342","MLS",2024-09-07,"Vancouver Wcaps","FC Dallas",0,0,"D",1.8,0.7,"Allen Chapman","2024-09-07-Vancouver Wcaps-FC Dallas","0-0"
"343","MLS",2024-09-14,"Orlando City","NE Revolution",3,0,"H",2.1,1.2,"Tori Penso","2024-09-14-Orlando City-NE Revolution","3-0"
"344","MLS",2024-09-14,"Toronto FC","Austin",2,1,"H",1.1,3.3,"Chris Penso","2024-09-14-Toronto FC-Austin","2-1"
"345","MLS",2024-09-14,"D.C. United","NYCFC",1,1,"D",1.3,1.2,"Ramy Touchan","2024-09-14-D.C. United-NYCFC","1-1"
"346","MLS",2024-09-14,"CF Montreal","Charlotte",2,1,"H",1.3,1.2,"Rubiel Vazquez","2024-09-14-CF Montreal-Charlotte","2-1"
"347","MLS",2024-09-14,"FC Cincinnati","Columbus Crew",0,0,"D",0.3,1.3,"Joe Dickerson","2024-09-14-FC Cincinnati-Columbus Crew","0-0"
"348","MLS",2024-09-14,"Inter Miami","Philadelphia Union",3,1,"H",1,1.9,"Serhiy Boyko","2024-09-14-Inter Miami-Philadelphia Union","3-1"
"349","MLS",2024-09-14,"Atlanta Utd","Nashville SC",0,2,"A",0.5,1.1,"Armando Villarreal","2024-09-14-Atlanta Utd-Nashville SC","0-2"
"350","MLS",2024-09-14,"Vancouver Wcaps","SJ Earthquakes",2,0,"H",2.8,1,"Lukasz Szpala","2024-09-14-Vancouver Wcaps-SJ Earthquakes","2-0"
"351","MLS",2024-09-14,"Houston Dynamo","Real Salt Lake",4,1,"H",1.5,0.8,"Jon Freemon","2024-09-14-Houston Dynamo-Real Salt Lake","4-1"
"352","MLS",2024-09-14,"St. Louis","Minnesota Utd",1,3,"A",1.5,2.3,"Marcos de Oliveira","2024-09-14-St. Louis-Minnesota Utd","1-3"
"353","MLS",2024-09-14,"Chicago Fire","NY Red Bulls",2,1,"H",2.1,1.5,"Mark Allatin","2024-09-14-Chicago Fire-NY Red Bulls","2-1"
"354","MLS",2024-09-14,"LA Galaxy","LAFC",4,2,"H",2.7,1.6,"Ted Unkel","2024-09-14-LA Galaxy-LAFC","4-2"
"355","MLS",2024-09-14,"Colorado Rapids","Portland Timbers",2,1,"H",1.3,2.1,"Filip Dujic","2024-09-14-Colorado Rapids-Portland Timbers","2-1"
"356","MLS",2024-09-15,"Seattle Sounders","Sporting KC",2,0,"H",2.9,0.7,"Drew Fischer","2024-09-15-Seattle Sounders-Sporting KC","2-0"
"357","MLS",2024-09-18,"NE Revolution","CF Montreal",2,2,"D",1.5,0.4,"Elijio Arreguin","2024-09-18-NE Revolution-CF Montreal","2-2"
"358","MLS",2024-09-18,"Atlanta Utd","Inter Miami",2,2,"D",2.1,1.8,"Rosendo Mendoza","2024-09-18-Atlanta Utd-Inter Miami","2-2"
"359","MLS",2024-09-18,"Toronto FC","Columbus Crew",0,2,"A",0.9,1.1,"Guido Gonzalez Jr.","2024-09-18-Toronto FC-Columbus Crew","0-2"
"360","MLS",2024-09-18,"NYCFC","Philadelphia Union",1,5,"A",3.1,1.7,"Pierre-Luc Lauziere","2024-09-18-NYCFC-Philadelphia Union","1-5"
"361","MLS",2024-09-18,"LAFC","Austin",1,1,"D",0.8,0.7,"Allen Chapman","2024-09-18-LAFC-Austin","1-1"
"362","MLS",2024-09-18,"Houston Dynamo","Vancouver Wcaps",1,1,"D",1.3,1.1,"Alexis Da Silva","2024-09-18-Houston Dynamo-Vancouver Wcaps","1-1"
"363","MLS",2024-09-18,"Nashville SC","Chicago Fire",1,0,"H",0.3,0.5,"Rubiel Vazquez","2024-09-18-Nashville SC-Chicago Fire","1-0"
"364","MLS",2024-09-18,"Sporting KC","Colorado Rapids",4,1,"H",2.7,0.8,"Fotis Bazakos","2024-09-18-Sporting KC-Colorado Rapids","4-1"
"365","MLS",2024-09-18,"Portland Timbers","LA Galaxy",4,2,"H",3,2.3,"Tim Ford","2024-09-18-Portland Timbers-LA Galaxy","4-2"
"366","MLS",2024-09-18,"Seattle Sounders","SJ Earthquakes",2,2,"D",0.9,0.9,"Victor Rivas","2024-09-18-Seattle Sounders-SJ Earthquakes","2-2"
"367","MLS",2024-09-18,"Real Salt Lake","FC Dallas",3,2,"H",2.2,2.3,"Sergii Demianchuk","2024-09-18-Real Salt Lake-FC Dallas","3-2"
"368","MLS",2024-09-18,"Minnesota Utd","FC Cincinnati",1,2,"A",1.5,1.3,"Drew Fischer","2024-09-18-Minnesota Utd-FC Cincinnati","1-2"
"369","MLS",2024-09-18,"Orlando City","Charlotte",2,0,"H",1.3,0.2,"Marcos de Oliveira","2024-09-18-Orlando City-Charlotte","2-0"
"370","MLS",2024-09-21,"NYCFC","Inter Miami",1,1,"D",1.1,0.8,"Jon Freemon","2024-09-21-NYCFC-Inter Miami","1-1"
"371","MLS",2024-09-21,"Charlotte","NE Revolution",4,0,"H",2.1,1.2,"Mark Allatin","2024-09-21-Charlotte-NE Revolution","4-0"
"372","MLS",2024-09-21,"CF Montreal","Chicago Fire",2,0,"H",1.2,0.7,"Lukasz Szpala","2024-09-21-CF Montreal-Chicago Fire","2-0"
"373","MLS",2024-09-21,"Columbus Crew","Orlando City",4,3,"H",2.1,2.4,"Serhiy Boyko","2024-09-21-Columbus Crew-Orlando City","4-3"
"374","MLS",2024-09-21,"NY Red Bulls","Atlanta Utd",2,2,"D",3.3,1.7,"Chris Penso","2024-09-21-NY Red Bulls-Atlanta Utd","2-2"
"375","MLS",2024-09-21,"Nashville SC","FC Cincinnati",2,2,"D",0.7,0.8,"Pierre-Luc Lauziere","2024-09-21-Nashville SC-FC Cincinnati","2-2"
"376","MLS",2024-09-21,"Sporting KC","Minnesota Utd",0,2,"A",1.8,1.2,"Ismir Pekmic","2024-09-21-Sporting KC-Minnesota Utd","0-2"
"377","MLS",2024-09-21,"Real Salt Lake","Portland Timbers",3,3,"D",2.1,0.5,"Tori Penso","2024-09-21-Real Salt Lake-Portland Timbers","3-3"
"378","MLS",2024-09-21,"FC Dallas","LAFC",3,1,"H",1.2,0.8,"Alexis Da Silva","2024-09-21-FC Dallas-LAFC","3-1"
"379","MLS",2024-09-21,"LA Galaxy","Vancouver Wcaps",4,2,"H",1.7,1.4,"Jair Marrufo","2024-09-21-LA Galaxy-Vancouver Wcaps","4-2"
"380","MLS",2024-09-21,"SJ Earthquakes","St. Louis",1,2,"A",1.2,1.7,"Ricardo Montero","2024-09-21-SJ Earthquakes-St. Louis","1-2"
"381","MLS",2024-09-21,"Austin","Houston Dynamo",0,1,"A",1.9,1.1,"Victor Rivas","2024-09-21-Austin-Houston Dynamo","0-1"
"382","MLS",2024-09-21,"Colorado Rapids","Toronto FC",2,0,"H",2.7,1,"Rosendo Mendoza","2024-09-21-Colorado Rapids-Toronto FC","2-0"
"383","MLS",2024-09-22,"Philadelphia Union","D.C. United",4,0,"H",3.5,0.8,"Filip Dujic","2024-09-22-Philadelphia Union-D.C. United","4-0"
"384","MLS",2024-09-28,"CF Montreal","SJ Earthquakes",3,0,"H",2.3,1.1,"Armando Villarreal","2024-09-28-CF Montreal-SJ Earthquakes","3-0"
"385","MLS",2024-09-28,"Philadelphia Union","Atlanta Utd",1,1,"D",0.9,1.4,"Fotis Bazakos","2024-09-28-Philadelphia Union-Atlanta Utd","1-1"
"386","MLS",2024-09-28,"NE Revolution","Nashville SC",1,0,"H",0.9,0.9,"Marcos de Oliveira","2024-09-28-NE Revolution-Nashville SC","1-0"
"387","MLS",2024-09-28,"Inter Miami","Charlotte",1,1,"D",3,1.3,"Ramy Touchan","2024-09-28-Inter Miami-Charlotte","1-1"
"388","MLS",2024-09-28,"FC Cincinnati","LAFC",1,2,"A",1.3,1.4,"Ismir Pekmic","2024-09-28-FC Cincinnati-LAFC","1-2"
"389","MLS",2024-09-28,"NY Red Bulls","NYCFC",1,5,"A",1.5,2.2,"Tori Penso","2024-09-28-NY Red Bulls-NYCFC","1-5"
"390","MLS",2024-09-28,"D.C. United","Columbus Crew",2,2,"D",2.5,1.5,"Rubiel Vazquez","2024-09-28-D.C. United-Columbus Crew","2-2"
"391","MLS",2024-09-28,"Austin","Real Salt Lake",2,2,"D",1.9,2.1,"Lukasz Szpala","2024-09-28-Austin-Real Salt Lake","2-2"
"392","MLS",2024-09-28,"FC Dallas","Orlando City",1,3,"A",1.5,1.5,"Jair Marrufo","2024-09-28-FC Dallas-Orlando City","1-3"
"393","MLS",2024-09-28,"Vancouver Wcaps","Portland Timbers",1,1,"D",1,0.5,"Joe Dickerson","2024-09-28-Vancouver Wcaps-Portland Timbers","1-1"
"394","MLS",2024-09-28,"St. Louis","Sporting KC",3,1,"H",1.2,1.3,"Guido Gonzalez Jr.","2024-09-28-St. Louis-Sporting KC","3-1"
"395","MLS",2024-09-28,"Seattle Sounders","Houston Dynamo",1,0,"H",1.3,0.3,"Allen Chapman","2024-09-28-Seattle Sounders-Houston Dynamo","1-0"
"396","MLS",2024-09-28,"Chicago Fire","Toronto FC",1,1,"D",0.9,1.2,"Ricardo Montero","2024-09-28-Chicago Fire-Toronto FC","1-1"
"397","MLS",2024-09-28,"Minnesota Utd","Colorado Rapids",3,0,"H",1.2,0.5,"Lorenzo Hernandez","2024-09-28-Minnesota Utd-Colorado Rapids","3-0"
"398","MLS",2024-10-02,"Charlotte","Chicago Fire",4,3,"H",3.1,1.8,"Serhiy Boyko","2024-10-02-Charlotte-Chicago Fire","4-3"
"399","MLS",2024-10-02,"NYCFC","FC Cincinnati",3,2,"H",1.5,1.5,"Guido Gonzalez Jr.","2024-10-02-NYCFC-FC Cincinnati","3-2"
"400","MLS",2024-10-02,"Atlanta Utd","CF Montreal",1,2,"A",1.7,1,"Ted Unkel","2024-10-02-Atlanta Utd-CF Montreal","1-2"
"401","MLS",2024-10-02,"Orlando City","Philadelphia Union",2,1,"H",2.2,2.2,"Armando Villarreal","2024-10-02-Orlando City-Philadelphia Union","2-1"
"402","MLS",2024-10-02,"Toronto FC","NY Red Bulls",1,4,"A",1.7,2.2,"Filip Dujic","2024-10-02-Toronto FC-NY Red Bulls","1-4"
"403","MLS",2024-10-02,"Colorado Rapids","LA Galaxy",1,3,"A",0.8,2.1,"Pierre-Luc Lauziere","2024-10-02-Colorado Rapids-LA Galaxy","1-3"
"404","MLS",2024-10-02,"Nashville SC","D.C. United",3,4,"A",2.8,2.8,"Lukasz Szpala","2024-10-02-Nashville SC-D.C. United","3-4"
"405","MLS",2024-10-02,"SJ Earthquakes","FC Dallas",3,2,"H",2,1.3,"Lorenzo Hernandez","2024-10-02-SJ Earthquakes-FC Dallas","3-2"
"406","MLS",2024-10-02,"Portland Timbers","Austin",0,1,"A",2.4,0.4,"Alexis Da Silva","2024-10-02-Portland Timbers-Austin","0-1"
"407","MLS",2024-10-02,"Real Salt Lake","Minnesota Utd",0,0,"D",1.1,0.8,"Ricardo Montero","2024-10-02-Real Salt Lake-Minnesota Utd","0-0"
"408","MLS",2024-10-02,"Vancouver Wcaps","Seattle Sounders",0,3,"A",1,1.7,"Chris Penso","2024-10-02-Vancouver Wcaps-Seattle Sounders","0-3"
"409","MLS",2024-10-02,"Houston Dynamo","NE Revolution",2,1,"H",2.3,2.7,"Fotis Bazakos","2024-10-02-Houston Dynamo-NE Revolution","2-1"
"410","MLS",2024-10-02,"LAFC","St. Louis",1,0,"H",2.2,0.4,"Victor Rivas","2024-10-02-LAFC-St. Louis","1-0"
"411","MLS",2024-10-02,"Columbus Crew","Inter Miami",2,3,"A",1.9,1.2,"Drew Fischer","2024-10-02-Columbus Crew-Inter Miami","2-3"
"412","MLS",2024-10-05,"Toronto FC","Inter Miami",0,1,"A",0.9,0.3,"Joe Dickerson","2024-10-05-Toronto FC-Inter Miami","0-1"
"413","MLS",2024-10-05,"Vancouver Wcaps","Minnesota Utd",0,1,"A",0.5,2.3,"Ramy Touchan","2024-10-05-Vancouver Wcaps-Minnesota Utd","0-1"
"414","MLS",2024-10-05,"NE Revolution","D.C. United",1,2,"A",0.6,0.9,"Alexis Da Silva","2024-10-05-NE Revolution-D.C. United","1-2"
"415","MLS",2024-10-05,"Columbus Crew","Philadelphia Union",3,2,"H",1.3,1,"Allen Chapman","2024-10-05-Columbus Crew-Philadelphia Union","3-2"
"416","MLS",2024-10-05,"FC Cincinnati","Orlando City",1,3,"A",1.2,2.1,"Filip Dujic","2024-10-05-FC Cincinnati-Orlando City","1-3"
"417","MLS",2024-10-05,"Atlanta Utd","NY Red Bulls",2,1,"H",2,0.5,"Ismir Pekmic","2024-10-05-Atlanta Utd-NY Red Bulls","2-1"
"418","MLS",2024-10-05,"Charlotte","CF Montreal",2,0,"H",1.7,0.5,"Victor Rivas","2024-10-05-Charlotte-CF Montreal","2-0"
"419","MLS",2024-10-05,"LA Galaxy","Austin",2,1,"H",2.1,1,"Ted Unkel","2024-10-05-LA Galaxy-Austin","2-1"
"420","MLS",2024-10-05,"Colorado Rapids","Seattle Sounders",0,1,"A",0.9,1.7,"Tim Ford","2024-10-05-Colorado Rapids-Seattle Sounders","0-1"
"421","MLS",2024-10-05,"SJ Earthquakes","Real Salt Lake",0,1,"A",0.7,1.3,"Mark Allatin","2024-10-05-SJ Earthquakes-Real Salt Lake","0-1"
"422","MLS",2024-10-05,"St. Louis","Houston Dynamo",3,0,"H",1.5,1.4,"Tori Penso","2024-10-05-St. Louis-Houston Dynamo","3-0"
"423","MLS",2024-10-05,"Sporting KC","LAFC",0,3,"A",0.7,2.1,"Marcos de Oliveira","2024-10-05-Sporting KC-LAFC","0-3"
"424","MLS",2024-10-06,"Portland Timbers","FC Dallas",0,0,"D",1.8,1.5,"Armando Villarreal","2024-10-06-Portland Timbers-FC Dallas","0-0"
"425","MLS",2024-10-06,"NYCFC","Nashville SC",3,1,"H",1.3,2.3,"Serhiy Boyko","2024-10-06-NYCFC-Nashville SC","3-1"
"426","MLS",2024-10-19,"Chicago Fire","Nashville SC",0,3,"A",1.4,2.3,"Jon Freemon","2024-10-19-Chicago Fire-Nashville SC","0-3"
"427","MLS",2024-10-19,"NY Red Bulls","Columbus Crew",2,3,"A",2.3,1.7,"Guido Gonzalez Jr.","2024-10-19-NY Red Bulls-Columbus Crew","2-3"
"428","MLS",2024-10-19,"CF Montreal","NYCFC",2,0,"H",0.9,1.7,"Allen Chapman","2024-10-19-CF Montreal-NYCFC","2-0"
"429","MLS",2024-10-19,"Philadelphia Union","FC Cincinnati",1,2,"A",0.8,1.5,"Joe Dickerson","2024-10-19-Philadelphia Union-FC Cincinnati","1-2"
"430","MLS",2024-10-19,"Inter Miami","NE Revolution",6,2,"H",3.6,2.2,"Alexis Da Silva","2024-10-19-Inter Miami-NE Revolution","6-2"
"431","MLS",2024-10-19,"D.C. United","Charlotte",0,3,"A",0.8,2.1,"Jair Marrufo","2024-10-19-D.C. United-Charlotte","0-3"
"432","MLS",2024-10-19,"Orlando City","Atlanta Utd",1,2,"A",1.5,1.4,"Rubiel Vazquez","2024-10-19-Orlando City-Atlanta Utd","1-2"
"433","MLS",2024-10-19,"Seattle Sounders","Portland Timbers",1,1,"D",1.3,0.6,"Ismir Pekmic","2024-10-19-Seattle Sounders-Portland Timbers","1-1"
"434","MLS",2024-10-19,"LAFC","SJ Earthquakes",3,1,"H",1.8,1.4,"Pierre-Luc Lauziere","2024-10-19-LAFC-SJ Earthquakes","3-1"
"435","MLS",2024-10-19,"Real Salt Lake","Vancouver Wcaps",2,1,"H",1.1,1.3,"Armando Villarreal","2024-10-19-Real Salt Lake-Vancouver Wcaps","2-1"
"436","MLS",2024-10-19,"FC Dallas","Sporting KC",2,1,"H",0.5,1.6,"Katja Koroleva","2024-10-19-FC Dallas-Sporting KC","2-1"
"437","MLS",2024-10-19,"Austin","Colorado Rapids",3,2,"H",2.2,1.7,"Chris Penso","2024-10-19-Austin-Colorado Rapids","3-2"
"438","MLS",2024-10-19,"Minnesota Utd","St. Louis",4,1,"H",2.6,0.7,"Lukasz Szpala","2024-10-19-Minnesota Utd-St. Louis","4-1"
"439","MLS",2024-10-19,"Houston Dynamo","LA Galaxy",2,1,"H",0.9,2.4,"Rosendo Mendoza","2024-10-19-Houston Dynamo-LA Galaxy","2-1"
"440","MLS",2024-03-16,"Seattle Sounders","Colorado Rapids",1,1,"D",1.1,2.3,"","2024-03-16-Seattle Sounders-Colorado Rapids","1-1"
"441","MLS",2024-03-16,"Chicago Fire","CF Montreal",4,3,"H",2.2,3,"","2024-03-16-Chicago Fire-CF Montreal","4-3"
"442","MLS",2024-03-16,"D.C. United","Inter Miami",1,3,"A",1.4,2.3,"","2024-03-16-D.C. United-Inter Miami","1-3"
"443","MLS",2024-03-16,"Columbus Crew","NY Red Bulls",3,0,"H",2,0.3,"","2024-03-16-Columbus Crew-NY Red Bulls","3-0"
"444","MLS",2024-03-16,"NYCFC","Toronto FC",2,1,"H",1.4,1.3,"","2024-03-16-NYCFC-Toronto FC","2-1"
"445","MLS",2024-03-16,"Houston Dynamo","Portland Timbers",1,0,"H",1.1,1.5,"","2024-03-16-Houston Dynamo-Portland Timbers","1-0"
"446","MLS",2024-03-16,"Nashville SC","Charlotte",2,1,"H",0.9,1.3,"","2024-03-16-Nashville SC-Charlotte","2-1"
"447","MLS",2024-03-16,"Austin","Philadelphia Union",2,2,"D",1.2,2.4,"","2024-03-16-Austin-Philadelphia Union","2-2"
"448","MLS",2024-03-16,"Sporting KC","SJ Earthquakes",2,1,"H",1,1.3,"","2024-03-16-Sporting KC-SJ Earthquakes","2-1"
"449","MLS",2024-03-16,"Minnesota Utd","LAFC",2,0,"H",0.8,1.6,"Kyle Johnston","2024-03-16-Minnesota Utd-LAFC","2-0"
"450","MLS",2024-03-16,"LA Galaxy","St. Louis",3,3,"D",2.5,2.1,"","2024-03-16-LA Galaxy-St. Louis","3-3"
"451","MLS",2024-03-16,"FC Dallas","Vancouver Wcaps",1,3,"A",1,1.2,"","2024-03-16-FC Dallas-Vancouver Wcaps","1-3"
"452","MLS",2024-03-17,"NE Revolution","FC Cincinnati",1,2,"A",1.2,1,"","2024-03-17-NE Revolution-FC Cincinnati","1-2"
"453","MLS",2024-03-17,"Atlanta Utd","Orlando City",2,0,"H",0.8,0.5,"","2024-03-17-Atlanta Utd-Orlando City","2-0"
"454","MLS",2024-03-23,"NE Revolution","Chicago Fire",1,1,"D",1.5,0.9,"","2024-03-23-NE Revolution-Chicago Fire","1-1"
"455","MLS",2024-03-23,"NY Red Bulls","Inter Miami",4,0,"H",1.2,0.3,"","2024-03-23-NY Red Bulls-Inter Miami","4-0"
"456","MLS",2024-03-23,"Vancouver Wcaps","Real Salt Lake",1,2,"A",0.6,0.9,"","2024-03-23-Vancouver Wcaps-Real Salt Lake","1-2"
"457","MLS",2024-03-23,"Charlotte","Columbus Crew",2,0,"H",1.7,0.9,"","2024-03-23-Charlotte-Columbus Crew","2-0"
"458","MLS",2024-03-23,"Orlando City","Austin",2,0,"H",1.9,0.2,"","2024-03-23-Orlando City-Austin","2-0"
"459","MLS",2024-03-23,"FC Cincinnati","NYCFC",1,0,"H",1.5,0.5,"","2024-03-23-FC Cincinnati-NYCFC","1-0"
"460","MLS",2024-03-23,"Toronto FC","Atlanta Utd",2,0,"H",2.4,0.4,"","2024-03-23-Toronto FC-Atlanta Utd","2-0"
"461","MLS",2024-03-23,"SJ Earthquakes","Seattle Sounders",3,2,"H",2.2,1.4,"","2024-03-23-SJ Earthquakes-Seattle Sounders","3-2"
"462","MLS",2024-03-23,"Colorado Rapids","Houston Dynamo",0,1,"A",0.7,0.8,"","2024-03-23-Colorado Rapids-Houston Dynamo","0-1"
"463","MLS",2024-03-23,"Sporting KC","LA Galaxy",2,3,"A",2.5,1.9,"","2024-03-23-Sporting KC-LA Galaxy","2-3"
"464","MLS",2024-03-23,"Portland Timbers","Philadelphia Union",1,3,"A",1.8,1.9,"","2024-03-23-Portland Timbers-Philadelphia Union","1-3"
"465","MLS",2024-03-23,"LAFC","Nashville SC",5,0,"H",4.8,0.5,"","2024-03-23-LAFC-Nashville SC","5-0"
"466","MLS",2024-03-23,"St. Louis","D.C. United",2,2,"D",2,1.9,"","2024-03-23-St. Louis-D.C. United","2-2"
"467","MLS",2024-03-30,"Colorado Rapids","LAFC",3,2,"H",1.6,1.1,"","2024-03-30-Colorado Rapids-LAFC","3-2"
"468","MLS",2024-03-30,"Philadelphia Union","Minnesota Utd",2,0,"H",2.1,0.6,"","2024-03-30-Philadelphia Union-Minnesota Utd","2-0"
"469","MLS",2024-03-30,"Inter Miami","NYCFC",1,1,"D",2.1,1.1,"","2024-03-30-Inter Miami-NYCFC","1-1"
"470","MLS",2024-03-30,"Charlotte","FC Cincinnati",1,1,"D",2.3,1.6,"","2024-03-30-Charlotte-FC Cincinnati","1-1"
"471","MLS",2024-03-30,"D.C. United","CF Montreal",1,0,"H",2.1,0.8,"","2024-03-30-D.C. United-CF Montreal","1-0"
"472","MLS",2024-03-30,"Toronto FC","Sporting KC",1,3,"A",1.4,1.2,"","2024-03-30-Toronto FC-Sporting KC","1-3"
"473","MLS",2024-03-30,"Orlando City","NY Red Bulls",1,1,"D",0.7,1.8,"","2024-03-30-Orlando City-NY Red Bulls","1-1"
"474","MLS",2024-03-30,"LA Galaxy","Seattle Sounders",1,0,"H",0.8,1.7,"","2024-03-30-LA Galaxy-Seattle Sounders","1-0"
"475","MLS",2024-03-30,"Real Salt Lake","St. Louis",3,1,"H",1.8,0.5,"","2024-03-30-Real Salt Lake-St. Louis","3-1"
"476","MLS",2024-03-30,"Austin","FC Dallas",2,1,"H",1.5,0.7,"","2024-03-30-Austin-FC Dallas","2-1"
"477","MLS",2024-03-30,"Vancouver Wcaps","Portland Timbers",3,2,"H",2.4,1.1,"","2024-03-30-Vancouver Wcaps-Portland Timbers","3-2"
"478","MLS",2024-03-30,"Houston Dynamo","SJ Earthquakes",2,1,"H",0.8,0.2,"","2024-03-30-Houston Dynamo-SJ Earthquakes","2-1"
"479","MLS",2024-03-30,"Nashville SC","Columbus Crew",2,2,"D",1.7,1.4,"","2024-03-30-Nashville SC-Columbus Crew","2-2"
"480","MLS",2024-03-31,"Atlanta Utd","Chicago Fire",3,0,"H",2.7,0.7,"","2024-03-31-Atlanta Utd-Chicago Fire","3-0"
"481","MLS",2024-04-06,"Vancouver Wcaps","Toronto FC",4,0,"H",2.5,0.7,"","2024-04-06-Vancouver Wcaps-Toronto FC","4-0"
"482","MLS",2024-04-06,"LAFC","LA Galaxy",2,1,"H",3.6,1,"","2024-04-06-LAFC-LA Galaxy","2-1"
"483","MLS",2024-04-06,"Columbus Crew","D.C. United",1,1,"D",0.6,1.9,"","2024-04-06-Columbus Crew-D.C. United","1-1"
"484","MLS",2024-04-06,"FC Cincinnati","NY Red Bulls",1,2,"A",0.7,1.2,"","2024-04-06-FC Cincinnati-NY Red Bulls","1-2"
"485","MLS",2024-04-06,"Inter Miami","Colorado Rapids",2,2,"D",1,1.2,"","2024-04-06-Inter Miami-Colorado Rapids","2-2"
"486","MLS",2024-04-06,"NE Revolution","Charlotte",1,0,"H",1.1,0.6,"","2024-04-06-NE Revolution-Charlotte","1-0"
"487","MLS",2024-04-06,"NYCFC","Atlanta Utd",1,1,"D",2.4,1.9,"","2024-04-06-NYCFC-Atlanta Utd","1-1"
"488","MLS",2024-04-06,"Minnesota Utd","Real Salt Lake",1,1,"D",1.9,1,"","2024-04-06-Minnesota Utd-Real Salt Lake","1-1"
"489","MLS",2024-04-06,"Seattle Sounders","CF Montreal",5,0,"H",3.6,0.5,"","2024-04-06-Seattle Sounders-CF Montreal","5-0"
"490","MLS",2024-04-06,"Austin","SJ Earthquakes",4,3,"H",1.9,2.7,"","2024-04-06-Austin-SJ Earthquakes","4-3"
"491","MLS",2024-04-06,"Nashville SC","Philadelphia Union",1,2,"A",1.7,1.9,"","2024-04-06-Nashville SC-Philadelphia Union","1-2"
"492","MLS",2024-04-06,"Chicago Fire","Houston Dynamo",2,1,"H",1.4,1,"","2024-04-06-Chicago Fire-Houston Dynamo","2-1"
"493","MLS",2024-04-06,"St. Louis","FC Dallas",0,0,"D",1.9,1.3,"","2024-04-06-St. Louis-FC Dallas","0-0"
"494","MLS",2024-04-07,"Sporting KC","Portland Timbers",3,3,"D",2.6,2.1,"","2024-04-07-Sporting KC-Portland Timbers","3-3"
"495","MLS",2024-04-13,"Portland Timbers","LAFC",2,2,"D",1.4,1.7,"","2024-04-13-Portland Timbers-LAFC","2-2"
"496","MLS",2024-04-13,"NY Red Bulls","Chicago Fire",0,0,"D",1.4,0.6,"","2024-04-13-NY Red Bulls-Chicago Fire","0-0"
"497","MLS",2024-04-13,"CF Montreal","FC Cincinnati",2,1,"H",1.1,1,"","2024-04-13-CF Montreal-FC Cincinnati","2-1"
"498","MLS",2024-04-13,"D.C. United","Orlando City",2,3,"A",1.5,1.8,"","2024-04-13-D.C. United-Orlando City","2-3"
"499","MLS",2024-04-13,"NYCFC","NE Revolution",2,0,"H",2.5,0.4,"","2024-04-13-NYCFC-NE Revolution","2-0"
"500","MLS",2024-04-13,"Charlotte","Toronto FC",3,2,"H",1,1.8,"","2024-04-13-Charlotte-Toronto FC","3-2"
"501","MLS",2024-04-13,"Vancouver Wcaps","LA Galaxy",1,3,"A",2.4,2.4,"","2024-04-13-Vancouver Wcaps-LA Galaxy","1-3"
"502","MLS",2024-04-13,"FC Dallas","Seattle Sounders",0,0,"D",0.8,1,"","2024-04-13-FC Dallas-Seattle Sounders","0-0"
"503","MLS",2024-04-13,"SJ Earthquakes","Colorado Rapids",0,3,"A",2.2,1.8,"","2024-04-13-SJ Earthquakes-Colorado Rapids","0-3"
"504","MLS",2024-04-13,"Minnesota Utd","Houston Dynamo",1,2,"A",2.3,0.4,"","2024-04-13-Minnesota Utd-Houston Dynamo","1-2"
"505","MLS",2024-04-13,"Real Salt Lake","Columbus Crew",0,0,"D",1.8,0.6,"","2024-04-13-Real Salt Lake-Columbus Crew","0-0"
"506","MLS",2024-04-13,"Sporting KC","Inter Miami",2,3,"A",0.6,0.9,"","2024-04-13-Sporting KC-Inter Miami","2-3"
"507","MLS",2024-04-14,"Atlanta Utd","Philadelphia Union",2,2,"D",1.6,1.1,"","2024-04-14-Atlanta Utd-Philadelphia Union","2-2"
"508","MLS",2024-04-14,"St. Louis","Austin",1,0,"H",1.5,0.3,"","2024-04-14-St. Louis-Austin","1-0"
"509","MLS",2024-04-20,"Atlanta Utd","FC Cincinnati",1,2,"A",1.9,2,"","2024-04-20-Atlanta Utd-FC Cincinnati","1-2"
"510","MLS",2024-04-20,"Inter Miami","Nashville SC",3,1,"H",2.6,2.4,"","2024-04-20-Inter Miami-Nashville SC","3-1"
"511","MLS",2024-04-20,"Columbus Crew","Portland Timbers",2,2,"D",1.5,0.6,"","2024-04-20-Columbus Crew-Portland Timbers","2-2"
"512","MLS",2024-04-20,"Toronto FC","NE Revolution",1,0,"H",1.5,1.5,"","2024-04-20-Toronto FC-NE Revolution","1-0"
"513","MLS",2024-04-20,"CF Montreal","Orlando City",2,2,"D",1.5,1.5,"","2024-04-20-CF Montreal-Orlando City","2-2"
"514","MLS",2024-04-20,"NYCFC","D.C. United",2,0,"H",3,0.6,"","2024-04-20-NYCFC-D.C. United","2-0"
"515","MLS",2024-04-20,"LAFC","NY Red Bulls",2,2,"D",1.5,1,"","2024-04-20-LAFC-NY Red Bulls","2-2"
"516","MLS",2024-04-20,"Chicago Fire","Real Salt Lake",0,4,"A",1.2,1.8,"","2024-04-20-Chicago Fire-Real Salt Lake","0-4"
"517","MLS",2024-04-20,"Sporting KC","St. Louis",3,3,"D",1.3,1.9,"","2024-04-20-Sporting KC-St. Louis","3-3"
"518","MLS",2024-04-20,"Seattle Sounders","Vancouver Wcaps",0,2,"A",0.6,2,"","2024-04-20-Seattle Sounders-Vancouver Wcaps","0-2"
"519","MLS",2024-04-20,"Colorado Rapids","FC Dallas",2,1,"H",1.8,1,"","2024-04-20-Colorado Rapids-FC Dallas","2-1"
"520","MLS",2024-04-20,"Houston Dynamo","Austin",0,1,"A",1.5,0.8,"","2024-04-20-Houston Dynamo-Austin","0-1"
"521","MLS",2024-04-21,"LA Galaxy","SJ Earthquakes",4,3,"H",2.4,1.8,"","2024-04-21-LA Galaxy-SJ Earthquakes","4-3"
"522","MLS",2024-04-21,"Charlotte","Minnesota Utd",0,3,"A",0.9,1.7,"","2024-04-21-Charlotte-Minnesota Utd","0-3"
